paper,model_key,parameter,formal_class,source_type,source_file,source_location,qualification,note
Akman2025,AKMAN2025_covid_turkiye_cases_deaths_icu_ventilation,betae,global,paper,results/manuscript_tables_20260726/reference_parameter_detail.csv,validated parameter-level reference,,
Akman2025,AKMAN2025_covid_turkiye_cases_deaths_icu_ventilation,betan,global,paper,results/manuscript_tables_20260726/reference_parameter_detail.csv,validated parameter-level reference,,
Akman2025,AKMAN2025_covid_turkiye_cases_deaths_icu_ventilation,betas,global,paper,results/manuscript_tables_20260726/reference_parameter_detail.csv,validated parameter-level reference,,
Akman2025,AKMAN2025_covid_turkiye_cases_deaths_icu_ventilation,eta,global,paper,results/manuscript_tables_20260726/reference_parameter_detail.csv,validated parameter-level reference,,
Akman2025,AKMAN2025_covid_turkiye_cases_deaths_icu_ventilation,k,global,paper,results/manuscript_tables_20260726/reference_parameter_detail.csv,validated parameter-level reference,,
Akman2025,AKMAN2025_covid_turkiye_cases_deaths_icu_ventilation,rho,global,paper,results/manuscript_tables_20260726/reference_parameter_detail.csv,validated parameter-level reference,,
Akman2025,AKMAN2025_covid_turkiye_cases_deaths_icu_ventilation,gamman,global,paper,results/manuscript_tables_20260726/reference_parameter_detail.csv,validated parameter-level reference,,
Akman2025,AKMAN2025_covid_turkiye_cases_deaths_icu_ventilation,gammas,global,paper,results/manuscript_tables_20260726/reference_parameter_detail.csv,validated parameter-level reference,,
Akman2025,AKMAN2025_covid_turkiye_cases_deaths_icu_ventilation,alpha1,global,paper,results/manuscript_tables_20260726/reference_parameter_detail.csv,validated parameter-level reference,,
Akman2025,AKMAN2025_covid_turkiye_cases_deaths_icu_ventilation,alpha2,global,paper,results/manuscript_tables_20260726/reference_parameter_detail.csv,validated parameter-level reference,,
Akman2025,AKMAN2025_covid_turkiye_cases_deaths_icu_ventilation,alpha3,global,paper,results/manuscript_tables_20260726/reference_parameter_detail.csv,validated parameter-level reference,,
Akman2025,AKMAN2025_covid_turkiye_cases_deaths_icu_ventilation,gammah,global,paper,results/manuscript_tables_20260726/reference_parameter_detail.csv,validated parameter-level reference,,
Akman2025,AKMAN2025_covid_turkiye_cases_deaths_icu_ventilation,gammaICU,global,paper,results/manuscript_tables_20260726/reference_parameter_detail.csv,validated parameter-level reference,,
Akman2025,AKMAN2025_covid_turkiye_cases_deaths_icu_ventilation,gammav,global,paper,results/manuscript_tables_20260726/reference_parameter_detail.csv,validated parameter-level reference,,
Akman2025,AKMAN2025_covid_turkiye_cases_deaths_icu_ventilation,muh,global,paper,results/manuscript_tables_20260726/reference_parameter_detail.csv,validated parameter-level reference,,
Akman2025,AKMAN2025_covid_turkiye_cases_deaths_icu_ventilation,muICU,global,paper,results/manuscript_tables_20260726/reference_parameter_detail.csv,validated parameter-level reference,,
Akman2025,AKMAN2025_covid_turkiye_cases_deaths_icu_ventilation,muv,global,paper,results/manuscript_tables_20260726/reference_parameter_detail.csv,validated parameter-level reference,,
Akman2025,AKMAN2025_covid_turkiye_reduced_cases_deaths_icu_ventilation,betae,global,paper (transformed),results/manuscript_tables_20260726/reference_parameter_detail.csv,validated parameter-level reference,,
Akman2025,AKMAN2025_covid_turkiye_reduced_cases_deaths_icu_ventilation,betan,global,paper (transformed),results/manuscript_tables_20260726/reference_parameter_detail.csv,validated parameter-level reference,,
Akman2025,AKMAN2025_covid_turkiye_reduced_cases_deaths_icu_ventilation,betas,global,paper (transformed),results/manuscript_tables_20260726/reference_parameter_detail.csv,validated parameter-level reference,,
Akman2025,AKMAN2025_covid_turkiye_reduced_cases_deaths_icu_ventilation,rho,global,paper (transformed),results/manuscript_tables_20260726/reference_parameter_detail.csv,validated parameter-level reference,,
Akman2025,AKMAN2025_covid_turkiye_reduced_cases_deaths_icu_ventilation,gamman,global,paper (transformed),results/manuscript_tables_20260726/reference_parameter_detail.csv,validated parameter-level reference,,
Akman2025,AKMAN2025_covid_turkiye_reduced_cases_deaths_icu_ventilation,gammas,global,paper (transformed),results/manuscript_tables_20260726/reference_parameter_detail.csv,validated parameter-level reference,,
Akman2025,AKMAN2025_covid_turkiye_reduced_cases_deaths_icu_ventilation,alpha1,global,paper (transformed),results/manuscript_tables_20260726/reference_parameter_detail.csv,validated parameter-level reference,,
Akman2025,AKMAN2025_covid_turkiye_reduced_cases_deaths_icu_ventilation,alpha2,global,paper (transformed),results/manuscript_tables_20260726/reference_parameter_detail.csv,validated parameter-level reference,,
Akman2025,AKMAN2025_covid_turkiye_reduced_cases_deaths_icu_ventilation,alpha3,global,paper (transformed),results/manuscript_tables_20260726/reference_parameter_detail.csv,validated parameter-level reference,,
Akman2025,AKMAN2025_covid_turkiye_reduced_cases_deaths_icu_ventilation,gammah,global,paper (transformed),results/manuscript_tables_20260726/reference_parameter_detail.csv,validated parameter-level reference,,
Akman2025,AKMAN2025_covid_turkiye_reduced_cases_deaths_icu_ventilation,gammaICU,global,paper (transformed),results/manuscript_tables_20260726/reference_parameter_detail.csv,validated parameter-level reference,,
Akman2025,AKMAN2025_covid_turkiye_reduced_cases_deaths_icu_ventilation,gammav,global,paper (transformed),results/manuscript_tables_20260726/reference_parameter_detail.csv,validated parameter-level reference,,
Akman2025,AKMAN2025_covid_turkiye_reduced_cases_deaths_icu_ventilation,muh,global,paper (transformed),results/manuscript_tables_20260726/reference_parameter_detail.csv,validated parameter-level reference,,
Akman2025,AKMAN2025_covid_turkiye_reduced_cases_deaths_icu_ventilation,muICU,global,paper (transformed),results/manuscript_tables_20260726/reference_parameter_detail.csv,validated parameter-level reference,,
Akman2025,AKMAN2025_covid_turkiye_reduced_cases_deaths_icu_ventilation,muv,global,paper (transformed),results/manuscript_tables_20260726/reference_parameter_detail.csv,validated parameter-level reference,,
Akman2025,AKMAN2025_covid_turkiye_reduced_cases_deaths_icu_ventilation,eta,global,paper (transformed),results/manuscript_tables_20260726/reference_parameter_detail.csv,validated parameter-level reference,,
Akman2025,AKMAN2025_covid_turkiye_reduced_cases_deaths_icu_ventilation,C1,global,paper (transformed),results/manuscript_tables_20260726/reference_parameter_detail.csv,validated parameter-level reference,,
Akman2025,AKMAN2025_covid_turkiye_reduced_cases_deaths_icu_ventilation,C2,global,paper (transformed),results/manuscript_tables_20260726/reference_parameter_detail.csv,validated parameter-level reference,,
BERGSTROM2026,BERGSTROM2026_sir_prior_immunity_underreporting_known_initial,beta,non-identifiable,paper,ref/BERGSTROM2026.pdf,Section 3.1 and Theorem 1; Appendix D,,The paper denotes beta by beta* and proves a one-degree-of-freedom family of indistinguishable triples.
BERGSTROM2026,BERGSTROM2026_sir_prior_immunity_underreporting_known_initial,p,non-identifiable,paper,ref/BERGSTROM2026.pdf,Section 3.1 and Theorem 1; Appendix D,,The paper denotes beta by beta* and proves a one-degree-of-freedom family of indistinguishable triples.
BERGSTROM2026,BERGSTROM2026_sir_prior_immunity_underreporting_known_initial,pi,non-identifiable,paper,ref/BERGSTROM2026.pdf,Section 3.1 and Theorem 1; Appendix D,,The paper denotes beta by beta* and proves a one-degree-of-freedom family of indistinguishable triples.
Cuevas2024,CUEVAS2024_model_A1_separate_deaths,buu,global,paper,results/manuscript_tables_20260726/reference_parameter_detail.csv,validated parameter-level reference,,
Cuevas2024,CUEVAS2024_model_A1_separate_deaths,buv,global,paper,results/manuscript_tables_20260726/reference_parameter_detail.csv,validated parameter-level reference,,
Cuevas2024,CUEVAS2024_model_A1_separate_deaths,bvu,global,paper,results/manuscript_tables_20260726/reference_parameter_detail.csv,validated parameter-level reference,,
Cuevas2024,CUEVAS2024_model_A1_separate_deaths,bvv,global,paper,results/manuscript_tables_20260726/reference_parameter_detail.csv,validated parameter-level reference,,
Cuevas2024,CUEVAS2024_model_A1_separate_deaths,sigma1,global,paper,results/manuscript_tables_20260726/reference_parameter_detail.csv,validated parameter-level reference,,
Cuevas2024,CUEVAS2024_model_A1_separate_deaths,sigma2,global,paper,results/manuscript_tables_20260726/reference_parameter_detail.csv,validated parameter-level reference,,
Cuevas2024,CUEVAS2024_model_A1_separate_deaths,theta,global,paper,results/manuscript_tables_20260726/reference_parameter_detail.csv,validated parameter-level reference,,
Cuevas2024,CUEVAS2024_model_A1_separate_deaths,phiu,global,paper,results/manuscript_tables_20260726/reference_parameter_detail.csv,validated parameter-level reference,,
Cuevas2024,CUEVAS2024_model_A1_separate_deaths,phiv,global,paper,results/manuscript_tables_20260726/reference_parameter_detail.csv,validated parameter-level reference,,
Cuevas2024,CUEVAS2024_model_A1_separate_deaths,muu,global,paper,results/manuscript_tables_20260726/reference_parameter_detail.csv,validated parameter-level reference,,
Cuevas2024,CUEVAS2024_model_A1_separate_deaths,muv,global,paper,results/manuscript_tables_20260726/reference_parameter_detail.csv,validated parameter-level reference,,
Cuevas2024,CUEVAS2024_model_A1_separate_deaths,gammar_u,non-identifiable,paper,results/manuscript_tables_20260726/reference_parameter_detail.csv,validated parameter-level reference,,
Cuevas2024,CUEVAS2024_model_A1_separate_deaths,gammah_u,non-identifiable,paper,results/manuscript_tables_20260726/reference_parameter_detail.csv,validated parameter-level reference,,
Cuevas2024,CUEVAS2024_model_A1_separate_deaths,gammar_v,non-identifiable,paper,results/manuscript_tables_20260726/reference_parameter_detail.csv,validated parameter-level reference,,
Cuevas2024,CUEVAS2024_model_A1_separate_deaths,gammah_v,non-identifiable,paper,results/manuscript_tables_20260726/reference_parameter_detail.csv,validated parameter-level reference,,
Cuevas2024,CUEVAS2024_model_A1_separate_deaths,kappar_u,non-identifiable,paper,results/manuscript_tables_20260726/reference_parameter_detail.csv,validated parameter-level reference,,
Cuevas2024,CUEVAS2024_model_A1_separate_deaths,kappad_u,non-identifiable,paper,results/manuscript_tables_20260726/reference_parameter_detail.csv,validated parameter-level reference,,
Cuevas2024,CUEVAS2024_model_A1_separate_deaths,kappar_v,non-identifiable,paper,results/manuscript_tables_20260726/reference_parameter_detail.csv,validated parameter-level reference,,
Cuevas2024,CUEVAS2024_model_A1_separate_deaths,kappad_v,non-identifiable,paper,results/manuscript_tables_20260726/reference_parameter_detail.csv,validated parameter-level reference,,
Cuevas2024,CUEVAS2024_model_A2_separate_hospitalizations,buu,global,paper,results/manuscript_tables_20260726/reference_parameter_detail.csv,validated parameter-level reference,,
Cuevas2024,CUEVAS2024_model_A2_separate_hospitalizations,buv,global,paper,results/manuscript_tables_20260726/reference_parameter_detail.csv,validated parameter-level reference,,
Cuevas2024,CUEVAS2024_model_A2_separate_hospitalizations,bvu,global,paper,results/manuscript_tables_20260726/reference_parameter_detail.csv,validated parameter-level reference,,
Cuevas2024,CUEVAS2024_model_A2_separate_hospitalizations,bvv,global,paper,results/manuscript_tables_20260726/reference_parameter_detail.csv,validated parameter-level reference,,
Cuevas2024,CUEVAS2024_model_A2_separate_hospitalizations,sigma1,global,paper,results/manuscript_tables_20260726/reference_parameter_detail.csv,validated parameter-level reference,,
Cuevas2024,CUEVAS2024_model_A2_separate_hospitalizations,sigma2,global,paper,results/manuscript_tables_20260726/reference_parameter_detail.csv,validated parameter-level reference,,
Cuevas2024,CUEVAS2024_model_A2_separate_hospitalizations,phiu,global,paper,results/manuscript_tables_20260726/reference_parameter_detail.csv,validated parameter-level reference,,
Cuevas2024,CUEVAS2024_model_A2_separate_hospitalizations,phiv,global,paper,results/manuscript_tables_20260726/reference_parameter_detail.csv,validated parameter-level reference,,
Cuevas2024,CUEVAS2024_model_A2_separate_hospitalizations,muu,global,paper,results/manuscript_tables_20260726/reference_parameter_detail.csv,validated parameter-level reference,,
Cuevas2024,CUEVAS2024_model_A2_separate_hospitalizations,muv,global,paper,results/manuscript_tables_20260726/reference_parameter_detail.csv,validated parameter-level reference,,
Cuevas2024,CUEVAS2024_model_A2_separate_hospitalizations,gammar_u,global,paper,results/manuscript_tables_20260726/reference_parameter_detail.csv,validated parameter-level reference,,
Cuevas2024,CUEVAS2024_model_A2_separate_hospitalizations,gammah_u,global,paper,results/manuscript_tables_20260726/reference_parameter_detail.csv,validated parameter-level reference,,
Cuevas2024,CUEVAS2024_model_A2_separate_hospitalizations,gammar_v,global,paper,results/manuscript_tables_20260726/reference_parameter_detail.csv,validated parameter-level reference,,
Cuevas2024,CUEVAS2024_model_A2_separate_hospitalizations,gammah_v,global,paper,results/manuscript_tables_20260726/reference_parameter_detail.csv,validated parameter-level reference,,
Cuevas2024,CUEVAS2024_model_B_delta_total_deaths,beta,non-identifiable,paper,results/manuscript_tables_20260726/reference_parameter_detail.csv,validated parameter-level reference,,
Cuevas2024,CUEVAS2024_model_B_delta_total_deaths,sigma1,global,paper,results/manuscript_tables_20260726/reference_parameter_detail.csv,validated parameter-level reference,,
Cuevas2024,CUEVAS2024_model_B_delta_total_deaths,sigma2,local,paper,results/manuscript_tables_20260726/reference_parameter_detail.csv,validated parameter-level reference,,
Cuevas2024,CUEVAS2024_model_B_delta_total_deaths,theta,non-identifiable,paper,results/manuscript_tables_20260726/reference_parameter_detail.csv,validated parameter-level reference,,
Cuevas2024,CUEVAS2024_model_B_delta_total_deaths,phi,global,paper,results/manuscript_tables_20260726/reference_parameter_detail.csv,validated parameter-level reference,,
Cuevas2024,CUEVAS2024_model_B_delta_total_deaths,mu,global,paper,results/manuscript_tables_20260726/reference_parameter_detail.csv,validated parameter-level reference,,
Cuevas2024,CUEVAS2024_model_B_delta_total_deaths,gammar,non-identifiable,paper,results/manuscript_tables_20260726/reference_parameter_detail.csv,validated parameter-level reference,,
Cuevas2024,CUEVAS2024_model_B_delta_total_deaths,gammah,non-identifiable,paper,results/manuscript_tables_20260726/reference_parameter_detail.csv,validated parameter-level reference,,
Cuevas2024,CUEVAS2024_model_B_delta_total_deaths,kappar,non-identifiable,paper,results/manuscript_tables_20260726/reference_parameter_detail.csv,validated parameter-level reference,,
Cuevas2024,CUEVAS2024_model_B_delta_total_deaths,kappad,non-identifiable,paper,results/manuscript_tables_20260726/reference_parameter_detail.csv,validated parameter-level reference,,
DANKWA2022,DANKWA2022_sir_s1_incidence,beta,non-identifiable,paper,ref/DANKWA2022.pdf,Table 1,,
DANKWA2022,DANKWA2022_sir_s1_incidence,gamma,global,paper,ref/DANKWA2022.pdf,Table 1,,
DANKWA2022,DANKWA2022_sir_s1_incidence,N,non-identifiable,paper,ref/DANKWA2022.pdf,Table 1,,
DANKWA2022,DANKWA2022_sir_s1_prevalence,beta,global,paper,ref/DANKWA2022.pdf,Table 1,,
DANKWA2022,DANKWA2022_sir_s1_prevalence,gamma,global,paper,ref/DANKWA2022.pdf,Table 1,,
DANKWA2022,DANKWA2022_sir_s1_prevalence,N,non-identifiable,paper,ref/DANKWA2022.pdf,Table 1,,
DANKWA2022,DANKWA2022_sir_s2_incidence_known_natural_history,beta,non-identifiable,paper,ref/DANKWA2022.pdf,Table 2,,
DANKWA2022,DANKWA2022_sir_s2_incidence_known_natural_history,N,non-identifiable,paper,ref/DANKWA2022.pdf,Table 2,,
DANKWA2022,DANKWA2022_sir_s2_prevalence_known_natural_history,beta,global,paper,ref/DANKWA2022.pdf,Table 2,,
DANKWA2022,DANKWA2022_sir_s2_prevalence_known_natural_history,N,non-identifiable,paper,ref/DANKWA2022.pdf,Table 2,,
DANKWA2022,DANKWA2022_sir_s3_incidence_prevalence,beta,global,paper,ref/DANKWA2022.pdf,Table 3,,
DANKWA2022,DANKWA2022_sir_s3_incidence_prevalence,gamma,global,paper,ref/DANKWA2022.pdf,Table 3,,
DANKWA2022,DANKWA2022_sir_s3_incidence_prevalence,N,global,paper,ref/DANKWA2022.pdf,Table 3,,
DANKWA2022,DANKWA2022_sir_s4_incidence_prevalence_known_natural_history,beta,global,paper,ref/DANKWA2022.pdf,Table 4,,
DANKWA2022,DANKWA2022_sir_s4_incidence_prevalence_known_natural_history,N,global,paper,ref/DANKWA2022.pdf,Table 4,,
DANKWA2022,DANKWA2022_slir_s1_incidence,alpha,global,paper,ref/DANKWA2022.pdf,Table 1,,
DANKWA2022,DANKWA2022_slir_s1_incidence,beta,non-identifiable,paper,ref/DANKWA2022.pdf,Table 1,,
DANKWA2022,DANKWA2022_slir_s1_incidence,gamma,global,paper,ref/DANKWA2022.pdf,Table 1,,
DANKWA2022,DANKWA2022_slir_s1_incidence,N,non-identifiable,paper,ref/DANKWA2022.pdf,Table 1,,
DANKWA2022,DANKWA2022_slir_s1_prevalence,alpha,local,paper,ref/DANKWA2022.pdf,Table 1,,
DANKWA2022,DANKWA2022_slir_s1_prevalence,beta,global,paper,ref/DANKWA2022.pdf,Table 1,,
DANKWA2022,DANKWA2022_slir_s1_prevalence,gamma,local,paper,ref/DANKWA2022.pdf,Table 1,,
DANKWA2022,DANKWA2022_slir_s1_prevalence,N,non-identifiable,paper,ref/DANKWA2022.pdf,Table 1,,
DANKWA2022,DANKWA2022_slir_s2_incidence_known_natural_history,beta,non-identifiable,paper,ref/DANKWA2022.pdf,Table 2,,
DANKWA2022,DANKWA2022_slir_s2_incidence_known_natural_history,N,non-identifiable,paper,ref/DANKWA2022.pdf,Table 2,,
DANKWA2022,DANKWA2022_slir_s2_prevalence_known_natural_history,beta,global,paper,ref/DANKWA2022.pdf,Table 2,,
DANKWA2022,DANKWA2022_slir_s2_prevalence_known_natural_history,N,non-identifiable,paper,ref/DANKWA2022.pdf,Table 2,,
DANKWA2022,DANKWA2022_slir_s3_incidence_prevalence,alpha,global,paper,ref/DANKWA2022.pdf,Table 3,,
DANKWA2022,DANKWA2022_slir_s3_incidence_prevalence,beta,global,paper,ref/DANKWA2022.pdf,Table 3,,
DANKWA2022,DANKWA2022_slir_s3_incidence_prevalence,gamma,global,paper,ref/DANKWA2022.pdf,Table 3,,
DANKWA2022,DANKWA2022_slir_s3_incidence_prevalence,N,global,paper,ref/DANKWA2022.pdf,Table 3,,
DANKWA2022,DANKWA2022_slir_s4_incidence_prevalence_known_natural_history,beta,global,paper,ref/DANKWA2022.pdf,Table 4,,
DANKWA2022,DANKWA2022_slir_s4_incidence_prevalence_known_natural_history,N,global,paper,ref/DANKWA2022.pdf,Table 4,,
DANKWA2022,DANKWA2022_slirq_s1_prevalence,alpha,local,user_provided_julia_result,,"user-provided Julia output, 2026-08-27",,"Mapped a,b,e,g,s to alpha,beta,eta,gamma,sigma. N was not evaluated and retains the paper's at-least-local label."
DANKWA2022,DANKWA2022_slirq_s1_prevalence,beta,global,user_provided_julia_result,,"user-provided Julia output, 2026-08-27",,"Mapped a,b,e,g,s to alpha,beta,eta,gamma,sigma. N was not evaluated and retains the paper's at-least-local label."
DANKWA2022,DANKWA2022_slirq_s1_prevalence,eta,local,user_provided_julia_result,,"user-provided Julia output, 2026-08-27",,"Mapped a,b,e,g,s to alpha,beta,eta,gamma,sigma. N was not evaluated and retains the paper's at-least-local label."
DANKWA2022,DANKWA2022_slirq_s1_prevalence,gamma,local,user_provided_julia_result,,"user-provided Julia output, 2026-08-27",,"Mapped a,b,e,g,s to alpha,beta,eta,gamma,sigma. N was not evaluated and retains the paper's at-least-local label."
DANKWA2022,DANKWA2022_slirq_s1_prevalence,sigma,global,user_provided_julia_result,,"user-provided Julia output, 2026-08-27",,"Mapped a,b,e,g,s to alpha,beta,eta,gamma,sigma. N was not evaluated and retains the paper's at-least-local label."
DANKWA2022,DANKWA2022_slirq_s1_prevalence,N,local,paper,ref/DANKWA2022.pdf,Table 1,at_least_local_global_computation_timed_out,
DANKWA2022,DANKWA2022_slirq_s2_incidence_known_natural_history,beta,global,paper,ref/DANKWA2022.pdf,Table 2,,
DANKWA2022,DANKWA2022_slirq_s2_incidence_known_natural_history,N,global,paper,ref/DANKWA2022.pdf,Table 2,,
DANKWA2022,DANKWA2022_slirq_s2_prevalence_known_natural_history,beta,global,paper,ref/DANKWA2022.pdf,Table 2,,
DANKWA2022,DANKWA2022_slirq_s2_prevalence_known_natural_history,N,global,paper,ref/DANKWA2022.pdf,Table 2,,
DANKWA2022,DANKWA2022_slirq_s3_incidence_prevalence,alpha,global,paper,ref/DANKWA2022.pdf,Table 3,,
DANKWA2022,DANKWA2022_slirq_s3_incidence_prevalence,beta,global,paper,ref/DANKWA2022.pdf,Table 3,,
DANKWA2022,DANKWA2022_slirq_s3_incidence_prevalence,eta,global,paper,ref/DANKWA2022.pdf,Table 3,,
DANKWA2022,DANKWA2022_slirq_s3_incidence_prevalence,gamma,global,paper,ref/DANKWA2022.pdf,Table 3,,
DANKWA2022,DANKWA2022_slirq_s3_incidence_prevalence,sigma,global,paper,ref/DANKWA2022.pdf,Table 3,,
DANKWA2022,DANKWA2022_slirq_s3_incidence_prevalence,N,global,paper,ref/DANKWA2022.pdf,Table 3,,
DANKWA2022,DANKWA2022_slirq_s4_incidence_prevalence_known_natural_history,beta,global,paper,ref/DANKWA2022.pdf,Table 4,,
DANKWA2022,DANKWA2022_slirq_s4_incidence_prevalence_known_natural_history,N,global,paper,ref/DANKWA2022.pdf,Table 4,,
DANKWA2022,DANKWA2022_vector_s1_host_prevalence,alpha_h,local,paper,ref/DANKWA2022.pdf,Table 1,,Table 1 labels this parameter s.l.i.; coded as local per user decision on 2026-09-01. The table footnote states that the global-identifiability computation timed out.
DANKWA2022,DANKWA2022_vector_s1_host_prevalence,alpha_v,local,paper,ref/DANKWA2022.pdf,Table 1,,Table 1 labels this parameter s.l.i.; coded as local per user decision on 2026-09-01. The table footnote states that the global-identifiability computation timed out.
DANKWA2022,DANKWA2022_vector_s1_host_prevalence,beta_hv,local,paper,ref/DANKWA2022.pdf,Table 1,,Table 1 labels this parameter s.l.i.; coded as local per user decision on 2026-09-01. The table footnote states that the global-identifiability computation timed out.
DANKWA2022,DANKWA2022_vector_s1_host_prevalence,beta_vh,non-identifiable,paper,ref/DANKWA2022.pdf,Table 1,,
DANKWA2022,DANKWA2022_vector_s1_host_prevalence,gamma_h,local,paper,ref/DANKWA2022.pdf,Table 1,,Table 1 labels this parameter s.l.i.; coded as local per user decision on 2026-09-01. The table footnote states that the global-identifiability computation timed out.
DANKWA2022,DANKWA2022_vector_s1_host_prevalence,lambda_v,non-identifiable,paper,ref/DANKWA2022.pdf,Table 1,,"lambda_v only enters the detected-vector-count output, which is absent in this scenario."
DANKWA2022,DANKWA2022_vector_s1_host_prevalence,mu_h,local,paper,ref/DANKWA2022.pdf,Table 1,,Table 1 labels this parameter s.l.i.; coded as local per user decision on 2026-09-01. The table footnote states that the global-identifiability computation timed out.
DANKWA2022,DANKWA2022_vector_s1_host_prevalence,mu_v,local,paper,ref/DANKWA2022.pdf,Table 1,,Table 1 labels this parameter s.l.i.; coded as local per user decision on 2026-09-01. The table footnote states that the global-identifiability computation timed out.
DANKWA2022,DANKWA2022_vector_s1_host_prevalence,Nh,non-identifiable,paper,ref/DANKWA2022.pdf,Table 1,,
DANKWA2022,DANKWA2022_vector_s1_host_prevalence,Nv,non-identifiable,paper,ref/DANKWA2022.pdf,Table 1,,
DANKWA2022,DANKWA2022_vector_s3_host_and_vector_data,alpha_h,global,paper,ref/DANKWA2022.pdf,Table 3,,
DANKWA2022,DANKWA2022_vector_s3_host_and_vector_data,alpha_v,global,paper,ref/DANKWA2022.pdf,Table 3,,
DANKWA2022,DANKWA2022_vector_s3_host_and_vector_data,beta_hv,global,paper,ref/DANKWA2022.pdf,Table 3,,
DANKWA2022,DANKWA2022_vector_s3_host_and_vector_data,beta_vh,global,paper,ref/DANKWA2022.pdf,Table 3,,
DANKWA2022,DANKWA2022_vector_s3_host_and_vector_data,gamma_h,global,paper,ref/DANKWA2022.pdf,Table 3,,
DANKWA2022,DANKWA2022_vector_s3_host_and_vector_data,lambda_v,global,paper,ref/DANKWA2022.pdf,Table 3,,
DANKWA2022,DANKWA2022_vector_s3_host_and_vector_data,mu_h,global,paper,ref/DANKWA2022.pdf,Table 3,,
DANKWA2022,DANKWA2022_vector_s3_host_and_vector_data,mu_v,global,paper,ref/DANKWA2022.pdf,Table 3,,
DANKWA2022,DANKWA2022_vector_s3_host_and_vector_data,Nh,global,paper,ref/DANKWA2022.pdf,Table 3,,
DANKWA2022,DANKWA2022_vector_s3_host_and_vector_data,Nv,global,paper,ref/DANKWA2022.pdf,Table 3,,
DANKWA2022,DANKWA2022_vector_s4_host_and_vector_data_known_natural_history,beta_hv,global,paper,ref/DANKWA2022.pdf,Table 4,,
DANKWA2022,DANKWA2022_vector_s4_host_and_vector_data_known_natural_history,beta_vh,global,paper,ref/DANKWA2022.pdf,Table 4,,
DANKWA2022,DANKWA2022_vector_s4_host_and_vector_data_known_natural_history,lambda_v,global,paper,ref/DANKWA2022.pdf,Table 4,,
DANKWA2022,DANKWA2022_vector_s4_host_and_vector_data_known_natural_history,mu_h,global,paper,ref/DANKWA2022.pdf,Table 4,,
DANKWA2022,DANKWA2022_vector_s4_host_and_vector_data_known_natural_history,mu_v,global,paper,ref/DANKWA2022.pdf,Table 4,,
DANKWA2022,DANKWA2022_vector_s4_host_and_vector_data_known_natural_history,Nh,global,paper,ref/DANKWA2022.pdf,Table 4,,
DANKWA2022,DANKWA2022_vector_s4_host_and_vector_data_known_natural_history,Nv,global,paper,ref/DANKWA2022.pdf,Table 4,,
DANKWA2022,DANKWA2022_vector_s4_host_incidence_prevalence_known_natural_history,beta_hv,global,paper,ref/DANKWA2022.pdf,Table 4,,
DANKWA2022,DANKWA2022_vector_s4_host_incidence_prevalence_known_natural_history,beta_vh,non-identifiable,paper,ref/DANKWA2022.pdf,Table 4,,
DANKWA2022,DANKWA2022_vector_s4_host_incidence_prevalence_known_natural_history,lambda_v,non-identifiable,paper,ref/DANKWA2022.pdf,Table 4,,"lambda_v only enters the detected-vector-count output, which is absent in this scenario."
DANKWA2022,DANKWA2022_vector_s4_host_incidence_prevalence_known_natural_history,mu_h,global,paper,ref/DANKWA2022.pdf,Table 4,,
DANKWA2022,DANKWA2022_vector_s4_host_incidence_prevalence_known_natural_history,mu_v,global,paper,ref/DANKWA2022.pdf,Table 4,,
DANKWA2022,DANKWA2022_vector_s4_host_incidence_prevalence_known_natural_history,Nh,global,paper,ref/DANKWA2022.pdf,Table 4,,
DANKWA2022,DANKWA2022_vector_s4_host_incidence_prevalence_known_natural_history,Nv,non-identifiable,paper,ref/DANKWA2022.pdf,Table 4,,
EISENBERG2013,EISENBERG2013_siwr_prevalence_known_initial,beta_I,global,Julia,results/manuscript_tables_20260726/reference_parameter_detail.csv,validated parameter-level reference,,
EISENBERG2013,EISENBERG2013_siwr_prevalence_known_initial,beta_W,global,Julia,results/manuscript_tables_20260726/reference_parameter_detail.csv,validated parameter-level reference,,
EISENBERG2013,EISENBERG2013_siwr_prevalence_known_initial,gamma,global,Julia,results/manuscript_tables_20260726/reference_parameter_detail.csv,validated parameter-level reference,,
EISENBERG2013,EISENBERG2013_siwr_prevalence_known_initial,k,global,Julia,results/manuscript_tables_20260726/reference_parameter_detail.csv,validated parameter-level reference,,
EISENBERG2013,EISENBERG2013_siwr_prevalence_known_initial,mu,global,Julia,results/manuscript_tables_20260726/reference_parameter_detail.csv,validated parameter-level reference,,
EISENBERG2013,EISENBERG2013_siwr_prevalence_known_initial,xi,global,Julia,results/manuscript_tables_20260726/reference_parameter_detail.csv,validated parameter-level reference,,
EISENBERG2013,EISENBERG2013_siwr_prevalence_unknown_initial,beta_I,global,Julia,results/manuscript_tables_20260726/reference_parameter_detail.csv,validated parameter-level reference,,
EISENBERG2013,EISENBERG2013_siwr_prevalence_unknown_initial,beta_W,global,Julia,results/manuscript_tables_20260726/reference_parameter_detail.csv,validated parameter-level reference,,
EISENBERG2013,EISENBERG2013_siwr_prevalence_unknown_initial,gamma,global,Julia,results/manuscript_tables_20260726/reference_parameter_detail.csv,validated parameter-level reference,,
EISENBERG2013,EISENBERG2013_siwr_prevalence_unknown_initial,k,global,Julia,results/manuscript_tables_20260726/reference_parameter_detail.csv,validated parameter-level reference,,
EISENBERG2013,EISENBERG2013_siwr_prevalence_unknown_initial,mu,global,Julia,results/manuscript_tables_20260726/reference_parameter_detail.csv,validated parameter-level reference,,
EISENBERG2013,EISENBERG2013_siwr_prevalence_unknown_initial,xi,global,Julia,results/manuscript_tables_20260726/reference_parameter_detail.csv,validated parameter-level reference,,
GIORDANO2020,GIORDANO2020_sidarthe_direct_outputs,alpha,global,Julia,results/manuscript_tables_20260726/reference_parameter_detail.csv,validated parameter-level reference,,
GIORDANO2020,GIORDANO2020_sidarthe_direct_outputs,beta,global,Julia,results/manuscript_tables_20260726/reference_parameter_detail.csv,validated parameter-level reference,,
GIORDANO2020,GIORDANO2020_sidarthe_direct_outputs,delta,global,Julia,results/manuscript_tables_20260726/reference_parameter_detail.csv,validated parameter-level reference,,
GIORDANO2020,GIORDANO2020_sidarthe_direct_outputs,epsilon,global,Julia,results/manuscript_tables_20260726/reference_parameter_detail.csv,validated parameter-level reference,,
GIORDANO2020,GIORDANO2020_sidarthe_direct_outputs,eta,global,Julia,results/manuscript_tables_20260726/reference_parameter_detail.csv,validated parameter-level reference,,
GIORDANO2020,GIORDANO2020_sidarthe_direct_outputs,gamma,global,Julia,results/manuscript_tables_20260726/reference_parameter_detail.csv,validated parameter-level reference,,
GIORDANO2020,GIORDANO2020_sidarthe_direct_outputs,kappa,global,Julia,results/manuscript_tables_20260726/reference_parameter_detail.csv,validated parameter-level reference,,
GIORDANO2020,GIORDANO2020_sidarthe_direct_outputs,lambda,global,Julia,results/manuscript_tables_20260726/reference_parameter_detail.csv,validated parameter-level reference,,
GIORDANO2020,GIORDANO2020_sidarthe_direct_outputs,mu,global,Julia,results/manuscript_tables_20260726/reference_parameter_detail.csv,validated parameter-level reference,,
GIORDANO2020,GIORDANO2020_sidarthe_direct_outputs,nu,global,Julia,results/manuscript_tables_20260726/reference_parameter_detail.csv,validated parameter-level reference,,
GIORDANO2020,GIORDANO2020_sidarthe_direct_outputs,rho,global,Julia,results/manuscript_tables_20260726/reference_parameter_detail.csv,validated parameter-level reference,,
GIORDANO2020,GIORDANO2020_sidarthe_direct_outputs,sigma,global,Julia,results/manuscript_tables_20260726/reference_parameter_detail.csv,validated parameter-level reference,,
GIORDANO2020,GIORDANO2020_sidarthe_direct_outputs,tau,global,Julia,results/manuscript_tables_20260726/reference_parameter_detail.csv,validated parameter-level reference,,
GIORDANO2020,GIORDANO2020_sidarthe_direct_outputs,theta,global,Julia,results/manuscript_tables_20260726/reference_parameter_detail.csv,validated parameter-level reference,,
GIORDANO2020,GIORDANO2020_sidarthe_direct_outputs,xi,global,Julia,results/manuscript_tables_20260726/reference_parameter_detail.csv,validated parameter-level reference,,
GIORDANO2020,GIORDANO2020_sidarthe_direct_outputs,zeta,global,Julia,results/manuscript_tables_20260726/reference_parameter_detail.csv,validated parameter-level reference,,
GIORDANO2020,GIORDANO2020_sidarthe_direct_outputs_unknown,alpha,non-identifiable,Julia,results/manuscript_tables_20260726/reference_parameter_detail.csv,validated parameter-level reference,,
GIORDANO2020,GIORDANO2020_sidarthe_direct_outputs_unknown,beta,global,Julia,results/manuscript_tables_20260726/reference_parameter_detail.csv,validated parameter-level reference,,
GIORDANO2020,GIORDANO2020_sidarthe_direct_outputs_unknown,delta,global,Julia,results/manuscript_tables_20260726/reference_parameter_detail.csv,validated parameter-level reference,,
GIORDANO2020,GIORDANO2020_sidarthe_direct_outputs_unknown,epsilon,non-identifiable,Julia,results/manuscript_tables_20260726/reference_parameter_detail.csv,validated parameter-level reference,,
GIORDANO2020,GIORDANO2020_sidarthe_direct_outputs_unknown,eta,global,Julia,results/manuscript_tables_20260726/reference_parameter_detail.csv,validated parameter-level reference,,
GIORDANO2020,GIORDANO2020_sidarthe_direct_outputs_unknown,gamma,non-identifiable,Julia,results/manuscript_tables_20260726/reference_parameter_detail.csv,validated parameter-level reference,,
GIORDANO2020,GIORDANO2020_sidarthe_direct_outputs_unknown,kappa,non-identifiable,Julia,results/manuscript_tables_20260726/reference_parameter_detail.csv,validated parameter-level reference,,
GIORDANO2020,GIORDANO2020_sidarthe_direct_outputs_unknown,lambda,non-identifiable,Julia,results/manuscript_tables_20260726/reference_parameter_detail.csv,validated parameter-level reference,,
GIORDANO2020,GIORDANO2020_sidarthe_direct_outputs_unknown,mu,non-identifiable,Julia,results/manuscript_tables_20260726/reference_parameter_detail.csv,validated parameter-level reference,,
GIORDANO2020,GIORDANO2020_sidarthe_direct_outputs_unknown,nu,global,Julia,results/manuscript_tables_20260726/reference_parameter_detail.csv,validated parameter-level reference,,
GIORDANO2020,GIORDANO2020_sidarthe_direct_outputs_unknown,rho,global,Julia,results/manuscript_tables_20260726/reference_parameter_detail.csv,validated parameter-level reference,,
GIORDANO2020,GIORDANO2020_sidarthe_direct_outputs_unknown,sigma,global,Julia,results/manuscript_tables_20260726/reference_parameter_detail.csv,validated parameter-level reference,,
GIORDANO2020,GIORDANO2020_sidarthe_direct_outputs_unknown,tau,global,Julia,results/manuscript_tables_20260726/reference_parameter_detail.csv,validated parameter-level reference,,
GIORDANO2020,GIORDANO2020_sidarthe_direct_outputs_unknown,theta,non-identifiable,Julia,results/manuscript_tables_20260726/reference_parameter_detail.csv,validated parameter-level reference,,
GIORDANO2020,GIORDANO2020_sidarthe_direct_outputs_unknown,xi,global,Julia,results/manuscript_tables_20260726/reference_parameter_detail.csv,validated parameter-level reference,,
GIORDANO2020,GIORDANO2020_sidarthe_direct_outputs_unknown,zeta,non-identifiable,Julia,results/manuscript_tables_20260726/reference_parameter_detail.csv,validated parameter-level reference,,
GIORDANO2020,GIORDANO2020_sidarthe_reconstructed_surveillance,alpha,global,Julia,results/manuscript_tables_20260726/reference_parameter_detail.csv,validated parameter-level reference,,
GIORDANO2020,GIORDANO2020_sidarthe_reconstructed_surveillance,beta,global,Julia,results/manuscript_tables_20260726/reference_parameter_detail.csv,validated parameter-level reference,,
GIORDANO2020,GIORDANO2020_sidarthe_reconstructed_surveillance,delta,global,Julia,results/manuscript_tables_20260726/reference_parameter_detail.csv,validated parameter-level reference,,
GIORDANO2020,GIORDANO2020_sidarthe_reconstructed_surveillance,epsilon,global,Julia,results/manuscript_tables_20260726/reference_parameter_detail.csv,validated parameter-level reference,,
GIORDANO2020,GIORDANO2020_sidarthe_reconstructed_surveillance,eta,global,Julia,results/manuscript_tables_20260726/reference_parameter_detail.csv,validated parameter-level reference,,
GIORDANO2020,GIORDANO2020_sidarthe_reconstructed_surveillance,gamma,global,Julia,results/manuscript_tables_20260726/reference_parameter_detail.csv,validated parameter-level reference,,
GIORDANO2020,GIORDANO2020_sidarthe_reconstructed_surveillance,kappa,global,Julia,results/manuscript_tables_20260726/reference_parameter_detail.csv,validated parameter-level reference,,
GIORDANO2020,GIORDANO2020_sidarthe_reconstructed_surveillance,lambda,global,Julia,results/manuscript_tables_20260726/reference_parameter_detail.csv,validated parameter-level reference,,
GIORDANO2020,GIORDANO2020_sidarthe_reconstructed_surveillance,mu,global,Julia,results/manuscript_tables_20260726/reference_parameter_detail.csv,validated parameter-level reference,,
GIORDANO2020,GIORDANO2020_sidarthe_reconstructed_surveillance,nu,global,Julia,results/manuscript_tables_20260726/reference_parameter_detail.csv,validated parameter-level reference,,
GIORDANO2020,GIORDANO2020_sidarthe_reconstructed_surveillance,rho,global,Julia,results/manuscript_tables_20260726/reference_parameter_detail.csv,validated parameter-level reference,,
GIORDANO2020,GIORDANO2020_sidarthe_reconstructed_surveillance,sigma,global,Julia,results/manuscript_tables_20260726/reference_parameter_detail.csv,validated parameter-level reference,,
GIORDANO2020,GIORDANO2020_sidarthe_reconstructed_surveillance,tau,global,Julia,results/manuscript_tables_20260726/reference_parameter_detail.csv,validated parameter-level reference,,
GIORDANO2020,GIORDANO2020_sidarthe_reconstructed_surveillance,theta,global,Julia,results/manuscript_tables_20260726/reference_parameter_detail.csv,validated parameter-level reference,,
GIORDANO2020,GIORDANO2020_sidarthe_reconstructed_surveillance,xi,global,Julia,results/manuscript_tables_20260726/reference_parameter_detail.csv,validated parameter-level reference,,
GIORDANO2020,GIORDANO2020_sidarthe_reconstructed_surveillance,zeta,global,Julia,results/manuscript_tables_20260726/reference_parameter_detail.csv,validated parameter-level reference,,
GIORDANO2020,GIORDANO2020_sidarthe_reconstructed_surveillance_unknown,alpha,non-identifiable,Julia,results/manuscript_tables_20260726/reference_parameter_detail.csv,validated parameter-level reference,,
GIORDANO2020,GIORDANO2020_sidarthe_reconstructed_surveillance_unknown,beta,global,Julia,results/manuscript_tables_20260726/reference_parameter_detail.csv,validated parameter-level reference,,
GIORDANO2020,GIORDANO2020_sidarthe_reconstructed_surveillance_unknown,delta,global,Julia,results/manuscript_tables_20260726/reference_parameter_detail.csv,validated parameter-level reference,,
GIORDANO2020,GIORDANO2020_sidarthe_reconstructed_surveillance_unknown,epsilon,non-identifiable,Julia,results/manuscript_tables_20260726/reference_parameter_detail.csv,validated parameter-level reference,,
GIORDANO2020,GIORDANO2020_sidarthe_reconstructed_surveillance_unknown,eta,global,Julia,results/manuscript_tables_20260726/reference_parameter_detail.csv,validated parameter-level reference,,
GIORDANO2020,GIORDANO2020_sidarthe_reconstructed_surveillance_unknown,gamma,non-identifiable,Julia,results/manuscript_tables_20260726/reference_parameter_detail.csv,validated parameter-level reference,,
GIORDANO2020,GIORDANO2020_sidarthe_reconstructed_surveillance_unknown,kappa,non-identifiable,Julia,results/manuscript_tables_20260726/reference_parameter_detail.csv,validated parameter-level reference,,
GIORDANO2020,GIORDANO2020_sidarthe_reconstructed_surveillance_unknown,lambda,non-identifiable,Julia,results/manuscript_tables_20260726/reference_parameter_detail.csv,validated parameter-level reference,,
GIORDANO2020,GIORDANO2020_sidarthe_reconstructed_surveillance_unknown,mu,non-identifiable,Julia,results/manuscript_tables_20260726/reference_parameter_detail.csv,validated parameter-level reference,,
GIORDANO2020,GIORDANO2020_sidarthe_reconstructed_surveillance_unknown,nu,global,Julia,results/manuscript_tables_20260726/reference_parameter_detail.csv,validated parameter-level reference,,
GIORDANO2020,GIORDANO2020_sidarthe_reconstructed_surveillance_unknown,rho,global,Julia,results/manuscript_tables_20260726/reference_parameter_detail.csv,validated parameter-level reference,,
GIORDANO2020,GIORDANO2020_sidarthe_reconstructed_surveillance_unknown,sigma,global,Julia,results/manuscript_tables_20260726/reference_parameter_detail.csv,validated parameter-level reference,,
GIORDANO2020,GIORDANO2020_sidarthe_reconstructed_surveillance_unknown,tau,global,Julia,results/manuscript_tables_20260726/reference_parameter_detail.csv,validated parameter-level reference,,
GIORDANO2020,GIORDANO2020_sidarthe_reconstructed_surveillance_unknown,theta,non-identifiable,Julia,results/manuscript_tables_20260726/reference_parameter_detail.csv,validated parameter-level reference,,
GIORDANO2020,GIORDANO2020_sidarthe_reconstructed_surveillance_unknown,xi,global,Julia,results/manuscript_tables_20260726/reference_parameter_detail.csv,validated parameter-level reference,,
GIORDANO2020,GIORDANO2020_sidarthe_reconstructed_surveillance_unknown,zeta,non-identifiable,Julia,results/manuscript_tables_20260726/reference_parameter_detail.csv,validated parameter-level reference,,
Korsah2026,KORSAH2026_full_malaria_AH_only,LambdaH,global,paper,ref/Korsah2026.pdf,Table 2,,The paper reports identifiable versus non-identifiable; identifiable entries are retained as global following the validated Julia reference classification.
Korsah2026,KORSAH2026_full_malaria_AH_only,LambdaM,global,paper,ref/Korsah2026.pdf,Table 2,,The paper reports identifiable versus non-identifiable; identifiable entries are retained as global following the validated Julia reference classification.
Korsah2026,KORSAH2026_full_malaria_AH_only,delta,non-identifiable,paper,ref/Korsah2026.pdf,Table 2,,The paper reports identifiable versus non-identifiable; identifiable entries are retained as global following the validated Julia reference classification.
Korsah2026,KORSAH2026_full_malaria_AH_only,psiH,non-identifiable,paper,ref/Korsah2026.pdf,Table 2,,The paper reports identifiable versus non-identifiable; identifiable entries are retained as global following the validated Julia reference classification.
Korsah2026,KORSAH2026_full_malaria_AH_only,psiM,non-identifiable,paper,ref/Korsah2026.pdf,Table 2,,The paper reports identifiable versus non-identifiable; identifiable entries are retained as global following the validated Julia reference classification.
Korsah2026,KORSAH2026_full_malaria_AH_only,b,non-identifiable,paper,ref/Korsah2026.pdf,Table 2,,The paper reports identifiable versus non-identifiable; identifiable entries are retained as global following the validated Julia reference classification.
Korsah2026,KORSAH2026_full_malaria_AH_only,c,non-identifiable,paper,ref/Korsah2026.pdf,Table 2,,The paper reports identifiable versus non-identifiable; identifiable entries are retained as global following the validated Julia reference classification.
Korsah2026,KORSAH2026_full_malaria_AH_only,muH,global,paper,ref/Korsah2026.pdf,Table 2,,The paper reports identifiable versus non-identifiable; identifiable entries are retained as global following the validated Julia reference classification.
Korsah2026,KORSAH2026_full_malaria_AH_only,muM,global,paper,ref/Korsah2026.pdf,Table 2,,The paper reports identifiable versus non-identifiable; identifiable entries are retained as global following the validated Julia reference classification.
Korsah2026,KORSAH2026_full_malaria_AH_only,sigma1,global,paper,ref/Korsah2026.pdf,Table 2,,The paper reports identifiable versus non-identifiable; identifiable entries are retained as global following the validated Julia reference classification.
Korsah2026,KORSAH2026_full_malaria_AH_only,sigma2,global,paper,ref/Korsah2026.pdf,Table 2,,The paper reports identifiable versus non-identifiable; identifiable entries are retained as global following the validated Julia reference classification.
Korsah2026,KORSAH2026_full_malaria_AH_only,tau,global,paper,ref/Korsah2026.pdf,Table 2,,The paper reports identifiable versus non-identifiable; identifiable entries are retained as global following the validated Julia reference classification.
Korsah2026,KORSAH2026_full_malaria_AH_only,thetaI_star,global,paper,ref/Korsah2026.pdf,Table 2,,The paper reports identifiable versus non-identifiable; identifiable entries are retained as global following the validated Julia reference classification.
Korsah2026,KORSAH2026_full_malaria_AH_only,thetaA_star,global,paper,ref/Korsah2026.pdf,Table 2,,The paper reports identifiable versus non-identifiable; identifiable entries are retained as global following the validated Julia reference classification.
Korsah2026,KORSAH2026_full_malaria_AH_only,nu,global,paper,ref/Korsah2026.pdf,Table 2,,The paper reports identifiable versus non-identifiable; identifiable entries are retained as global following the validated Julia reference classification.
Korsah2026,KORSAH2026_full_malaria_AH_only,gamma,global,paper,ref/Korsah2026.pdf,Table 2,,The paper reports identifiable versus non-identifiable; identifiable entries are retained as global following the validated Julia reference classification.
Korsah2026,KORSAH2026_full_malaria_AH_only,chi,global,paper,ref/Korsah2026.pdf,Table 2,,The paper reports identifiable versus non-identifiable; identifiable entries are retained as global following the validated Julia reference classification.
Korsah2026,KORSAH2026_full_malaria_AH_only,omega,global,paper,ref/Korsah2026.pdf,Table 2,,The paper reports identifiable versus non-identifiable; identifiable entries are retained as global following the validated Julia reference classification.
Korsah2026,KORSAH2026_full_malaria_AH_only,eta,non-identifiable,paper,ref/Korsah2026.pdf,Table 2,,The paper reports identifiable versus non-identifiable; identifiable entries are retained as global following the validated Julia reference classification.
Korsah2026,KORSAH2026_full_malaria_AH_only,xi,non-identifiable,paper,ref/Korsah2026.pdf,Table 2,,The paper reports identifiable versus non-identifiable; identifiable entries are retained as global following the validated Julia reference classification.
Korsah2026,KORSAH2026_full_malaria_AH_only,kappa,global,paper,ref/Korsah2026.pdf,Table 2,,The paper reports identifiable versus non-identifiable; identifiable entries are retained as global following the validated Julia reference classification.
Korsah2026,KORSAH2026_full_malaria_all_states,LambdaH,global,paper,ref/Korsah2026.pdf,Table 2,,The paper reports identifiable versus non-identifiable; identifiable entries are retained as global following the validated Julia reference classification.
Korsah2026,KORSAH2026_full_malaria_all_states,LambdaM,global,paper,ref/Korsah2026.pdf,Table 2,,The paper reports identifiable versus non-identifiable; identifiable entries are retained as global following the validated Julia reference classification.
Korsah2026,KORSAH2026_full_malaria_all_states,delta,non-identifiable,paper,ref/Korsah2026.pdf,Table 2,,The paper reports identifiable versus non-identifiable; identifiable entries are retained as global following the validated Julia reference classification.
Korsah2026,KORSAH2026_full_malaria_all_states,psiH,non-identifiable,paper,ref/Korsah2026.pdf,Table 2,,The paper reports identifiable versus non-identifiable; identifiable entries are retained as global following the validated Julia reference classification.
Korsah2026,KORSAH2026_full_malaria_all_states,psiM,non-identifiable,paper,ref/Korsah2026.pdf,Table 2,,The paper reports identifiable versus non-identifiable; identifiable entries are retained as global following the validated Julia reference classification.
Korsah2026,KORSAH2026_full_malaria_all_states,b,global,paper,ref/Korsah2026.pdf,Table 2,,The paper reports identifiable versus non-identifiable; identifiable entries are retained as global following the validated Julia reference classification.
Korsah2026,KORSAH2026_full_malaria_all_states,c,global,paper,ref/Korsah2026.pdf,Table 2,,The paper reports identifiable versus non-identifiable; identifiable entries are retained as global following the validated Julia reference classification.
Korsah2026,KORSAH2026_full_malaria_all_states,muH,global,paper,ref/Korsah2026.pdf,Table 2,,The paper reports identifiable versus non-identifiable; identifiable entries are retained as global following the validated Julia reference classification.
Korsah2026,KORSAH2026_full_malaria_all_states,muM,global,paper,ref/Korsah2026.pdf,Table 2,,The paper reports identifiable versus non-identifiable; identifiable entries are retained as global following the validated Julia reference classification.
Korsah2026,KORSAH2026_full_malaria_all_states,sigma1,global,paper,ref/Korsah2026.pdf,Table 2,,The paper reports identifiable versus non-identifiable; identifiable entries are retained as global following the validated Julia reference classification.
Korsah2026,KORSAH2026_full_malaria_all_states,sigma2,global,paper,ref/Korsah2026.pdf,Table 2,,The paper reports identifiable versus non-identifiable; identifiable entries are retained as global following the validated Julia reference classification.
Korsah2026,KORSAH2026_full_malaria_all_states,tau,global,paper,ref/Korsah2026.pdf,Table 2,,The paper reports identifiable versus non-identifiable; identifiable entries are retained as global following the validated Julia reference classification.
Korsah2026,KORSAH2026_full_malaria_all_states,thetaI_star,global,paper,ref/Korsah2026.pdf,Table 2,,The paper reports identifiable versus non-identifiable; identifiable entries are retained as global following the validated Julia reference classification.
Korsah2026,KORSAH2026_full_malaria_all_states,thetaA_star,global,paper,ref/Korsah2026.pdf,Table 2,,The paper reports identifiable versus non-identifiable; identifiable entries are retained as global following the validated Julia reference classification.
Korsah2026,KORSAH2026_full_malaria_all_states,nu,global,paper,ref/Korsah2026.pdf,Table 2,,The paper reports identifiable versus non-identifiable; identifiable entries are retained as global following the validated Julia reference classification.
Korsah2026,KORSAH2026_full_malaria_all_states,gamma,global,paper,ref/Korsah2026.pdf,Table 2,,The paper reports identifiable versus non-identifiable; identifiable entries are retained as global following the validated Julia reference classification.
Korsah2026,KORSAH2026_full_malaria_all_states,chi,global,paper,ref/Korsah2026.pdf,Table 2,,The paper reports identifiable versus non-identifiable; identifiable entries are retained as global following the validated Julia reference classification.
Korsah2026,KORSAH2026_full_malaria_all_states,omega,global,paper,ref/Korsah2026.pdf,Table 2,,The paper reports identifiable versus non-identifiable; identifiable entries are retained as global following the validated Julia reference classification.
Korsah2026,KORSAH2026_full_malaria_all_states,eta,global,paper,ref/Korsah2026.pdf,Table 2,,The paper reports identifiable versus non-identifiable; identifiable entries are retained as global following the validated Julia reference classification.
Korsah2026,KORSAH2026_full_malaria_all_states,xi,global,paper,ref/Korsah2026.pdf,Table 2,,The paper reports identifiable versus non-identifiable; identifiable entries are retained as global following the validated Julia reference classification.
Korsah2026,KORSAH2026_full_malaria_all_states,kappa,global,paper,ref/Korsah2026.pdf,Table 2,,The paper reports identifiable versus non-identifiable; identifiable entries are retained as global following the validated Julia reference classification.
Korsah2026,KORSAH2026_reduced_malaria_AH_only,LambdaH,global,paper,ref/Korsah2026.pdf,Table 2,,The paper reports identifiable versus non-identifiable; identifiable entries are retained as global following the validated Julia reference classification.
Korsah2026,KORSAH2026_reduced_malaria_AH_only,LambdaM,global,paper,ref/Korsah2026.pdf,Table 2,,The paper reports identifiable versus non-identifiable; identifiable entries are retained as global following the validated Julia reference classification.
Korsah2026,KORSAH2026_reduced_malaria_AH_only,delta,non-identifiable,paper,ref/Korsah2026.pdf,Table 2,,The paper reports identifiable versus non-identifiable; identifiable entries are retained as global following the validated Julia reference classification.
Korsah2026,KORSAH2026_reduced_malaria_AH_only,psiH,non-identifiable,paper,ref/Korsah2026.pdf,Table 2,,The paper reports identifiable versus non-identifiable; identifiable entries are retained as global following the validated Julia reference classification.
Korsah2026,KORSAH2026_reduced_malaria_AH_only,psiM,non-identifiable,paper,ref/Korsah2026.pdf,Table 2,,The paper reports identifiable versus non-identifiable; identifiable entries are retained as global following the validated Julia reference classification.
Korsah2026,KORSAH2026_reduced_malaria_AH_only,b,non-identifiable,paper,ref/Korsah2026.pdf,Table 2,,The paper reports identifiable versus non-identifiable; identifiable entries are retained as global following the validated Julia reference classification.
Korsah2026,KORSAH2026_reduced_malaria_AH_only,c,non-identifiable,paper,ref/Korsah2026.pdf,Table 2,,The paper reports identifiable versus non-identifiable; identifiable entries are retained as global following the validated Julia reference classification.
Korsah2026,KORSAH2026_reduced_malaria_AH_only,muH,global,paper,ref/Korsah2026.pdf,Table 2,,The paper reports identifiable versus non-identifiable; identifiable entries are retained as global following the validated Julia reference classification.
Korsah2026,KORSAH2026_reduced_malaria_AH_only,muM,global,paper,ref/Korsah2026.pdf,Table 2,,The paper reports identifiable versus non-identifiable; identifiable entries are retained as global following the validated Julia reference classification.
Korsah2026,KORSAH2026_reduced_malaria_AH_only,tau,global,paper,ref/Korsah2026.pdf,Table 2,,The paper reports identifiable versus non-identifiable; identifiable entries are retained as global following the validated Julia reference classification.
Korsah2026,KORSAH2026_reduced_malaria_AH_only,sigma,global,paper,ref/Korsah2026.pdf,Table 2,,The paper reports identifiable versus non-identifiable; identifiable entries are retained as global following the validated Julia reference classification.
Korsah2026,KORSAH2026_reduced_malaria_AH_only,thetaA,global,paper,ref/Korsah2026.pdf,Table 2,,The paper reports identifiable versus non-identifiable; identifiable entries are retained as global following the validated Julia reference classification.
Korsah2026,KORSAH2026_reduced_malaria_AH_only,thetaI,global,paper,ref/Korsah2026.pdf,Table 2,,The paper reports identifiable versus non-identifiable; identifiable entries are retained as global following the validated Julia reference classification.
Korsah2026,KORSAH2026_reduced_malaria_AH_only,nu,global,paper,ref/Korsah2026.pdf,Table 2,,The paper reports identifiable versus non-identifiable; identifiable entries are retained as global following the validated Julia reference classification.
Korsah2026,KORSAH2026_reduced_malaria_AH_only,gamma,global,paper,ref/Korsah2026.pdf,Table 2,,The paper reports identifiable versus non-identifiable; identifiable entries are retained as global following the validated Julia reference classification.
Korsah2026,KORSAH2026_reduced_malaria_AH_only,chi,global,paper,ref/Korsah2026.pdf,Table 2,,The paper reports identifiable versus non-identifiable; identifiable entries are retained as global following the validated Julia reference classification.
Korsah2026,KORSAH2026_reduced_malaria_AH_only,omega,global,paper,ref/Korsah2026.pdf,Table 2,,The paper reports identifiable versus non-identifiable; identifiable entries are retained as global following the validated Julia reference classification.
Korsah2026,KORSAH2026_reduced_malaria_AH_only,eta,non-identifiable,paper,ref/Korsah2026.pdf,Table 2,,The paper reports identifiable versus non-identifiable; identifiable entries are retained as global following the validated Julia reference classification.
Korsah2026,KORSAH2026_reduced_malaria_AH_only,xi,non-identifiable,paper,ref/Korsah2026.pdf,Table 2,,The paper reports identifiable versus non-identifiable; identifiable entries are retained as global following the validated Julia reference classification.
Korsah2026,KORSAH2026_reduced_malaria_AH_only,kappa,global,paper,ref/Korsah2026.pdf,Table 2,,The paper reports identifiable versus non-identifiable; identifiable entries are retained as global following the validated Julia reference classification.
Korsah2026,KORSAH2026_reduced_malaria_all_states,LambdaH,global,paper,ref/Korsah2026.pdf,Table 2,,The paper reports identifiable versus non-identifiable; identifiable entries are retained as global following the validated Julia reference classification.
Korsah2026,KORSAH2026_reduced_malaria_all_states,LambdaM,global,paper,ref/Korsah2026.pdf,Table 2,,The paper reports identifiable versus non-identifiable; identifiable entries are retained as global following the validated Julia reference classification.
Korsah2026,KORSAH2026_reduced_malaria_all_states,delta,non-identifiable,paper,ref/Korsah2026.pdf,Table 2,,The paper reports identifiable versus non-identifiable; identifiable entries are retained as global following the validated Julia reference classification.
Korsah2026,KORSAH2026_reduced_malaria_all_states,psiH,non-identifiable,paper,ref/Korsah2026.pdf,Table 2,,The paper reports identifiable versus non-identifiable; identifiable entries are retained as global following the validated Julia reference classification.
Korsah2026,KORSAH2026_reduced_malaria_all_states,psiM,non-identifiable,paper,ref/Korsah2026.pdf,Table 2,,The paper reports identifiable versus non-identifiable; identifiable entries are retained as global following the validated Julia reference classification.
Korsah2026,KORSAH2026_reduced_malaria_all_states,b,global,paper,ref/Korsah2026.pdf,Table 2,,The paper reports identifiable versus non-identifiable; identifiable entries are retained as global following the validated Julia reference classification.
Korsah2026,KORSAH2026_reduced_malaria_all_states,c,global,paper,ref/Korsah2026.pdf,Table 2,,The paper reports identifiable versus non-identifiable; identifiable entries are retained as global following the validated Julia reference classification.
Korsah2026,KORSAH2026_reduced_malaria_all_states,muH,global,paper,ref/Korsah2026.pdf,Table 2,,The paper reports identifiable versus non-identifiable; identifiable entries are retained as global following the validated Julia reference classification.
Korsah2026,KORSAH2026_reduced_malaria_all_states,muM,global,paper,ref/Korsah2026.pdf,Table 2,,The paper reports identifiable versus non-identifiable; identifiable entries are retained as global following the validated Julia reference classification.
Korsah2026,KORSAH2026_reduced_malaria_all_states,tau,global,paper,ref/Korsah2026.pdf,Table 2,,The paper reports identifiable versus non-identifiable; identifiable entries are retained as global following the validated Julia reference classification.
Korsah2026,KORSAH2026_reduced_malaria_all_states,sigma,global,paper,ref/Korsah2026.pdf,Table 2,,The paper reports identifiable versus non-identifiable; identifiable entries are retained as global following the validated Julia reference classification.
Korsah2026,KORSAH2026_reduced_malaria_all_states,thetaA,global,paper,ref/Korsah2026.pdf,Table 2,,The paper reports identifiable versus non-identifiable; identifiable entries are retained as global following the validated Julia reference classification.
Korsah2026,KORSAH2026_reduced_malaria_all_states,thetaI,global,paper,ref/Korsah2026.pdf,Table 2,,The paper reports identifiable versus non-identifiable; identifiable entries are retained as global following the validated Julia reference classification.
Korsah2026,KORSAH2026_reduced_malaria_all_states,nu,global,paper,ref/Korsah2026.pdf,Table 2,,The paper reports identifiable versus non-identifiable; identifiable entries are retained as global following the validated Julia reference classification.
Korsah2026,KORSAH2026_reduced_malaria_all_states,gamma,global,paper,ref/Korsah2026.pdf,Table 2,,The paper reports identifiable versus non-identifiable; identifiable entries are retained as global following the validated Julia reference classification.
Korsah2026,KORSAH2026_reduced_malaria_all_states,chi,global,paper,ref/Korsah2026.pdf,Table 2,,The paper reports identifiable versus non-identifiable; identifiable entries are retained as global following the validated Julia reference classification.
Korsah2026,KORSAH2026_reduced_malaria_all_states,omega,global,paper,ref/Korsah2026.pdf,Table 2,,The paper reports identifiable versus non-identifiable; identifiable entries are retained as global following the validated Julia reference classification.
Korsah2026,KORSAH2026_reduced_malaria_all_states,eta,global,paper,ref/Korsah2026.pdf,Table 2,,The paper reports identifiable versus non-identifiable; identifiable entries are retained as global following the validated Julia reference classification.
Korsah2026,KORSAH2026_reduced_malaria_all_states,xi,global,paper,ref/Korsah2026.pdf,Table 2,,The paper reports identifiable versus non-identifiable; identifiable entries are retained as global following the validated Julia reference classification.
Korsah2026,KORSAH2026_reduced_malaria_all_states,kappa,global,paper,ref/Korsah2026.pdf,Table 2,,The paper reports identifiable versus non-identifiable; identifiable entries are retained as global following the validated Julia reference classification.
LIYANAGE2026,LIYANAGE2026_Model10a_known_initial,betaI,global,Julia,results/manuscript_tables_20260726/reference_parameter_detail.csv,validated parameter-level reference,,
LIYANAGE2026,LIYANAGE2026_Model10a_known_initial,betaU,global,Julia,results/manuscript_tables_20260726/reference_parameter_detail.csv,validated parameter-level reference,,
LIYANAGE2026,LIYANAGE2026_Model10a_known_initial,gamma,global,Julia,results/manuscript_tables_20260726/reference_parameter_detail.csv,validated parameter-level reference,,
LIYANAGE2026,LIYANAGE2026_Model10a_known_initial,gammaH,non-identifiable,Julia,results/manuscript_tables_20260726/reference_parameter_detail.csv,validated parameter-level reference,,
LIYANAGE2026,LIYANAGE2026_Model10a_known_initial,k,global,Julia,results/manuscript_tables_20260726/reference_parameter_detail.csv,validated parameter-level reference,,
LIYANAGE2026,LIYANAGE2026_Model10a_known_initial,rho,global,Julia,results/manuscript_tables_20260726/reference_parameter_detail.csv,validated parameter-level reference,,
LIYANAGE2026,LIYANAGE2026_Model10a_known_initial,alpha,global,Julia,results/manuscript_tables_20260726/reference_parameter_detail.csv,validated parameter-level reference,,
LIYANAGE2026,LIYANAGE2026_Model10a_known_initial,delta,non-identifiable,Julia,results/manuscript_tables_20260726/reference_parameter_detail.csv,validated parameter-level reference,,
LIYANAGE2026,LIYANAGE2026_Model10a_unknown_initial,betaI,non-identifiable,Julia,results/manuscript_tables_20260726/reference_parameter_detail.csv,validated parameter-level reference,,
LIYANAGE2026,LIYANAGE2026_Model10a_unknown_initial,betaU,non-identifiable,Julia,results/manuscript_tables_20260726/reference_parameter_detail.csv,validated parameter-level reference,,
LIYANAGE2026,LIYANAGE2026_Model10a_unknown_initial,gamma,global,Julia,results/manuscript_tables_20260726/reference_parameter_detail.csv,validated parameter-level reference,,
LIYANAGE2026,LIYANAGE2026_Model10a_unknown_initial,gammaH,non-identifiable,Julia,results/manuscript_tables_20260726/reference_parameter_detail.csv,validated parameter-level reference,,
LIYANAGE2026,LIYANAGE2026_Model10a_unknown_initial,k,global,Julia,results/manuscript_tables_20260726/reference_parameter_detail.csv,validated parameter-level reference,,
LIYANAGE2026,LIYANAGE2026_Model10a_unknown_initial,rho,non-identifiable,Julia,results/manuscript_tables_20260726/reference_parameter_detail.csv,validated parameter-level reference,,
LIYANAGE2026,LIYANAGE2026_Model10a_unknown_initial,alpha,global,Julia,results/manuscript_tables_20260726/reference_parameter_detail.csv,validated parameter-level reference,,
LIYANAGE2026,LIYANAGE2026_Model10a_unknown_initial,delta,non-identifiable,Julia,results/manuscript_tables_20260726/reference_parameter_detail.csv,validated parameter-level reference,,
LIYANAGE2026,LIYANAGE2026_Model10a_unknown_initial,N,non-identifiable,Julia,results/manuscript_tables_20260726/reference_parameter_detail.csv,validated parameter-level reference,,
LIYANAGE2026,LIYANAGE2026_Model10b_known_initial,betaI,global,Julia,results/manuscript_tables_20260726/reference_parameter_detail.csv,validated parameter-level reference,,
LIYANAGE2026,LIYANAGE2026_Model10b_known_initial,betaU,global,Julia,results/manuscript_tables_20260726/reference_parameter_detail.csv,validated parameter-level reference,,
LIYANAGE2026,LIYANAGE2026_Model10b_known_initial,gamma,global,Julia,results/manuscript_tables_20260726/reference_parameter_detail.csv,validated parameter-level reference,,
LIYANAGE2026,LIYANAGE2026_Model10b_known_initial,gammaH,global,Julia,results/manuscript_tables_20260726/reference_parameter_detail.csv,validated parameter-level reference,,
LIYANAGE2026,LIYANAGE2026_Model10b_known_initial,k,global,Julia,results/manuscript_tables_20260726/reference_parameter_detail.csv,validated parameter-level reference,,
LIYANAGE2026,LIYANAGE2026_Model10b_known_initial,rho,global,Julia,results/manuscript_tables_20260726/reference_parameter_detail.csv,validated parameter-level reference,,
LIYANAGE2026,LIYANAGE2026_Model10b_known_initial,alpha,global,Julia,results/manuscript_tables_20260726/reference_parameter_detail.csv,validated parameter-level reference,,
LIYANAGE2026,LIYANAGE2026_Model10b_known_initial,delta,global,Julia,results/manuscript_tables_20260726/reference_parameter_detail.csv,validated parameter-level reference,,
LIYANAGE2026,LIYANAGE2026_Model10b_unknown_initial,betaI,non-identifiable,Julia,results/manuscript_tables_20260726/reference_parameter_detail.csv,validated parameter-level reference,,
LIYANAGE2026,LIYANAGE2026_Model10b_unknown_initial,betaU,non-identifiable,Julia,results/manuscript_tables_20260726/reference_parameter_detail.csv,validated parameter-level reference,,
LIYANAGE2026,LIYANAGE2026_Model10b_unknown_initial,gamma,global,Julia,results/manuscript_tables_20260726/reference_parameter_detail.csv,validated parameter-level reference,,
LIYANAGE2026,LIYANAGE2026_Model10b_unknown_initial,gammaH,global,Julia,results/manuscript_tables_20260726/reference_parameter_detail.csv,validated parameter-level reference,,
LIYANAGE2026,LIYANAGE2026_Model10b_unknown_initial,k,global,Julia,results/manuscript_tables_20260726/reference_parameter_detail.csv,validated parameter-level reference,,
LIYANAGE2026,LIYANAGE2026_Model10b_unknown_initial,rho,non-identifiable,Julia,results/manuscript_tables_20260726/reference_parameter_detail.csv,validated parameter-level reference,,
LIYANAGE2026,LIYANAGE2026_Model10b_unknown_initial,alpha,global,Julia,results/manuscript_tables_20260726/reference_parameter_detail.csv,validated parameter-level reference,,
LIYANAGE2026,LIYANAGE2026_Model10b_unknown_initial,delta,global,Julia,results/manuscript_tables_20260726/reference_parameter_detail.csv,validated parameter-level reference,,
LIYANAGE2026,LIYANAGE2026_Model10b_unknown_initial,N,non-identifiable,Julia,results/manuscript_tables_20260726/reference_parameter_detail.csv,validated parameter-level reference,,
LIYANAGE2026,LIYANAGE2026_Model11_known_initial,alpha,global,Julia,results/manuscript_tables_20260726/reference_parameter_detail.csv,validated parameter-level reference,,
LIYANAGE2026,LIYANAGE2026_Model11_known_initial,beta,global,Julia,results/manuscript_tables_20260726/reference_parameter_detail.csv,validated parameter-level reference,,
LIYANAGE2026,LIYANAGE2026_Model11_known_initial,gamma,global,Julia,results/manuscript_tables_20260726/reference_parameter_detail.csv,validated parameter-level reference,,
LIYANAGE2026,LIYANAGE2026_Model11_known_initial,k,global,Julia,results/manuscript_tables_20260726/reference_parameter_detail.csv,validated parameter-level reference,,
LIYANAGE2026,LIYANAGE2026_Model11_unknown_initial,alpha,global,Julia,results/manuscript_tables_20260726/reference_parameter_detail.csv,validated parameter-level reference,,
LIYANAGE2026,LIYANAGE2026_Model11_unknown_initial,beta,non-identifiable,Julia,results/manuscript_tables_20260726/reference_parameter_detail.csv,validated parameter-level reference,,
LIYANAGE2026,LIYANAGE2026_Model11_unknown_initial,gamma,global,Julia,results/manuscript_tables_20260726/reference_parameter_detail.csv,validated parameter-level reference,,
LIYANAGE2026,LIYANAGE2026_Model11_unknown_initial,k,global,Julia,results/manuscript_tables_20260726/reference_parameter_detail.csv,validated parameter-level reference,,
LIYANAGE2026,LIYANAGE2026_Model11_unknown_initial,N,non-identifiable,Julia,results/manuscript_tables_20260726/reference_parameter_detail.csv,validated parameter-level reference,,
LIYANAGE2026,LIYANAGE2026_Model1_known_initial,beta,global,Julia,results/manuscript_tables_20260726/reference_parameter_detail.csv,validated parameter-level reference,,
LIYANAGE2026,LIYANAGE2026_Model1_known_initial,k,global,Julia,results/manuscript_tables_20260726/reference_parameter_detail.csv,validated parameter-level reference,,
LIYANAGE2026,LIYANAGE2026_Model1_known_initial,gamma,global,Julia,results/manuscript_tables_20260726/reference_parameter_detail.csv,validated parameter-level reference,,
LIYANAGE2026,LIYANAGE2026_Model1_unknown_initial,beta,non-identifiable,Julia,results/manuscript_tables_20260726/reference_parameter_detail.csv,validated parameter-level reference,,
LIYANAGE2026,LIYANAGE2026_Model1_unknown_initial,k,global,Julia,results/manuscript_tables_20260726/reference_parameter_detail.csv,validated parameter-level reference,,
LIYANAGE2026,LIYANAGE2026_Model1_unknown_initial,gamma,global,Julia,results/manuscript_tables_20260726/reference_parameter_detail.csv,validated parameter-level reference,,
LIYANAGE2026,LIYANAGE2026_Model1_unknown_initial,N,non-identifiable,Julia,results/manuscript_tables_20260726/reference_parameter_detail.csv,validated parameter-level reference,,
LIYANAGE2026,LIYANAGE2026_Model2_known_initial,beta,global,Julia,results/manuscript_tables_20260726/reference_parameter_detail.csv,validated parameter-level reference,,
LIYANAGE2026,LIYANAGE2026_Model2_known_initial,k,global,Julia,results/manuscript_tables_20260726/reference_parameter_detail.csv,validated parameter-level reference,,
LIYANAGE2026,LIYANAGE2026_Model2_known_initial,gamma,global,Julia,results/manuscript_tables_20260726/reference_parameter_detail.csv,validated parameter-level reference,,
LIYANAGE2026,LIYANAGE2026_Model2_known_initial,rho,global,Julia,results/manuscript_tables_20260726/reference_parameter_detail.csv,validated parameter-level reference,,
LIYANAGE2026,LIYANAGE2026_Model2_unknown_initial,beta,non-identifiable,Julia,results/manuscript_tables_20260726/reference_parameter_detail.csv,validated parameter-level reference,,
LIYANAGE2026,LIYANAGE2026_Model2_unknown_initial,k,global,Julia,results/manuscript_tables_20260726/reference_parameter_detail.csv,validated parameter-level reference,,
LIYANAGE2026,LIYANAGE2026_Model2_unknown_initial,gamma,global,Julia,results/manuscript_tables_20260726/reference_parameter_detail.csv,validated parameter-level reference,,
LIYANAGE2026,LIYANAGE2026_Model2_unknown_initial,rho,non-identifiable,Julia,results/manuscript_tables_20260726/reference_parameter_detail.csv,validated parameter-level reference,,
LIYANAGE2026,LIYANAGE2026_Model2_unknown_initial,N,non-identifiable,Julia,results/manuscript_tables_20260726/reference_parameter_detail.csv,validated parameter-level reference,,
LIYANAGE2026,LIYANAGE2026_Model3_known_initial,betaI,non-identifiable,Julia,results/manuscript_tables_20260726/reference_parameter_detail.csv,validated parameter-level reference,,
LIYANAGE2026,LIYANAGE2026_Model3_known_initial,betaA,non-identifiable,Julia,results/manuscript_tables_20260726/reference_parameter_detail.csv,validated parameter-level reference,,
LIYANAGE2026,LIYANAGE2026_Model3_known_initial,k,global,Julia,results/manuscript_tables_20260726/reference_parameter_detail.csv,validated parameter-level reference,,
LIYANAGE2026,LIYANAGE2026_Model3_known_initial,gamma,global,Julia,results/manuscript_tables_20260726/reference_parameter_detail.csv,validated parameter-level reference,,
LIYANAGE2026,LIYANAGE2026_Model3_known_initial,rho,global,Julia,results/manuscript_tables_20260726/reference_parameter_detail.csv,validated parameter-level reference,,
LIYANAGE2026,LIYANAGE2026_Model3_unknown_initial,betaI,non-identifiable,Julia,results/manuscript_tables_20260726/reference_parameter_detail.csv,validated parameter-level reference,,
LIYANAGE2026,LIYANAGE2026_Model3_unknown_initial,betaA,non-identifiable,Julia,results/manuscript_tables_20260726/reference_parameter_detail.csv,validated parameter-level reference,,
LIYANAGE2026,LIYANAGE2026_Model3_unknown_initial,k,global,Julia,results/manuscript_tables_20260726/reference_parameter_detail.csv,validated parameter-level reference,,
LIYANAGE2026,LIYANAGE2026_Model3_unknown_initial,gamma,global,Julia,results/manuscript_tables_20260726/reference_parameter_detail.csv,validated parameter-level reference,,
LIYANAGE2026,LIYANAGE2026_Model3_unknown_initial,rho,non-identifiable,Julia,results/manuscript_tables_20260726/reference_parameter_detail.csv,validated parameter-level reference,,
LIYANAGE2026,LIYANAGE2026_Model3_unknown_initial,N,non-identifiable,Julia,results/manuscript_tables_20260726/reference_parameter_detail.csv,validated parameter-level reference,,
LIYANAGE2026,LIYANAGE2026_Model4a_known_initial,beta,global,Julia,results/manuscript_tables_20260726/reference_parameter_detail.csv,validated parameter-level reference,,
LIYANAGE2026,LIYANAGE2026_Model4a_known_initial,k,global,Julia,results/manuscript_tables_20260726/reference_parameter_detail.csv,validated parameter-level reference,,
LIYANAGE2026,LIYANAGE2026_Model4a_known_initial,gamma,global,Julia,results/manuscript_tables_20260726/reference_parameter_detail.csv,validated parameter-level reference,,
LIYANAGE2026,LIYANAGE2026_Model4a_known_initial,delta,global,Julia,results/manuscript_tables_20260726/reference_parameter_detail.csv,validated parameter-level reference,,
LIYANAGE2026,LIYANAGE2026_Model4a_unknown_initial,beta,non-identifiable,Julia,results/manuscript_tables_20260726/reference_parameter_detail.csv,validated parameter-level reference,,
LIYANAGE2026,LIYANAGE2026_Model4a_unknown_initial,k,global,Julia,results/manuscript_tables_20260726/reference_parameter_detail.csv,validated parameter-level reference,,
LIYANAGE2026,LIYANAGE2026_Model4a_unknown_initial,gamma,non-identifiable,Julia,results/manuscript_tables_20260726/reference_parameter_detail.csv,validated parameter-level reference,,
LIYANAGE2026,LIYANAGE2026_Model4a_unknown_initial,delta,non-identifiable,Julia,results/manuscript_tables_20260726/reference_parameter_detail.csv,validated parameter-level reference,,
LIYANAGE2026,LIYANAGE2026_Model4b_known_initial,beta,global,Julia,results/manuscript_tables_20260726/reference_parameter_detail.csv,validated parameter-level reference,,
LIYANAGE2026,LIYANAGE2026_Model4b_known_initial,k,global,Julia,results/manuscript_tables_20260726/reference_parameter_detail.csv,validated parameter-level reference,,
LIYANAGE2026,LIYANAGE2026_Model4b_known_initial,gamma,global,Julia,results/manuscript_tables_20260726/reference_parameter_detail.csv,validated parameter-level reference,,
LIYANAGE2026,LIYANAGE2026_Model4b_known_initial,delta,global,Julia,results/manuscript_tables_20260726/reference_parameter_detail.csv,validated parameter-level reference,,
LIYANAGE2026,LIYANAGE2026_Model4b_unknown_initial,beta,global,Julia,results/manuscript_tables_20260726/reference_parameter_detail.csv,validated parameter-level reference,,
LIYANAGE2026,LIYANAGE2026_Model4b_unknown_initial,k,global,Julia,results/manuscript_tables_20260726/reference_parameter_detail.csv,validated parameter-level reference,,
LIYANAGE2026,LIYANAGE2026_Model4b_unknown_initial,gamma,global,Julia,results/manuscript_tables_20260726/reference_parameter_detail.csv,validated parameter-level reference,,
LIYANAGE2026,LIYANAGE2026_Model4b_unknown_initial,delta,global,Julia,results/manuscript_tables_20260726/reference_parameter_detail.csv,validated parameter-level reference,,
LIYANAGE2026,LIYANAGE2026_Model5_known_initial,beta,global,Julia,results/manuscript_tables_20260726/reference_parameter_detail.csv,validated parameter-level reference,,
LIYANAGE2026,LIYANAGE2026_Model5_known_initial,betav,global,Julia,results/manuscript_tables_20260726/reference_parameter_detail.csv,validated parameter-level reference,,
LIYANAGE2026,LIYANAGE2026_Model5_known_initial,gamma,global,Julia,results/manuscript_tables_20260726/reference_parameter_detail.csv,validated parameter-level reference,,
LIYANAGE2026,LIYANAGE2026_Model5_known_initial,lambdav,global,Julia,results/manuscript_tables_20260726/reference_parameter_detail.csv,validated parameter-level reference,,
LIYANAGE2026,LIYANAGE2026_Model5_known_initial,muv,global,Julia,results/manuscript_tables_20260726/reference_parameter_detail.csv,validated parameter-level reference,,
LIYANAGE2026,LIYANAGE2026_Model5_unknown_initial,beta,non-identifiable,Julia,results/manuscript_tables_20260726/reference_parameter_detail.csv,validated parameter-level reference,,
LIYANAGE2026,LIYANAGE2026_Model5_unknown_initial,betav,non-identifiable,Julia,results/manuscript_tables_20260726/reference_parameter_detail.csv,validated parameter-level reference,,
LIYANAGE2026,LIYANAGE2026_Model5_unknown_initial,gamma,global,Julia,results/manuscript_tables_20260726/reference_parameter_detail.csv,validated parameter-level reference,,
LIYANAGE2026,LIYANAGE2026_Model5_unknown_initial,lambdav,non-identifiable,Julia,results/manuscript_tables_20260726/reference_parameter_detail.csv,validated parameter-level reference,,
LIYANAGE2026,LIYANAGE2026_Model5_unknown_initial,muv,global,Julia,results/manuscript_tables_20260726/reference_parameter_detail.csv,validated parameter-level reference,,
LIYANAGE2026,LIYANAGE2026_Model5_unknown_initial,N,non-identifiable,Julia,results/manuscript_tables_20260726/reference_parameter_detail.csv,validated parameter-level reference,,
LIYANAGE2026,LIYANAGE2026_Model5_unknown_initial,c,global,Julia,results/manuscript_tables_20260726/reference_parameter_detail.csv,validated parameter-level reference,,
LIYANAGE2026,LIYANAGE2026_Model6_known_initial,betaI,global,Julia,results/manuscript_tables_20260726/reference_parameter_detail.csv,validated parameter-level reference,,
LIYANAGE2026,LIYANAGE2026_Model6_known_initial,betaA,global,Julia,results/manuscript_tables_20260726/reference_parameter_detail.csv,validated parameter-level reference,,
LIYANAGE2026,LIYANAGE2026_Model6_known_initial,betav,global,Julia,results/manuscript_tables_20260726/reference_parameter_detail.csv,validated parameter-level reference,,
LIYANAGE2026,LIYANAGE2026_Model6_known_initial,gamma,global,Julia,results/manuscript_tables_20260726/reference_parameter_detail.csv,validated parameter-level reference,,
LIYANAGE2026,LIYANAGE2026_Model6_known_initial,lambdav,global,Julia,results/manuscript_tables_20260726/reference_parameter_detail.csv,validated parameter-level reference,,
LIYANAGE2026,LIYANAGE2026_Model6_known_initial,muv,global,Julia,results/manuscript_tables_20260726/reference_parameter_detail.csv,validated parameter-level reference,,
LIYANAGE2026,LIYANAGE2026_Model6_known_initial,rho,global,Julia,results/manuscript_tables_20260726/reference_parameter_detail.csv,validated parameter-level reference,,
LIYANAGE2026,LIYANAGE2026_Model6_unknown_initial,betaI,non-identifiable,Julia,results/manuscript_tables_20260726/reference_parameter_detail.csv,validated parameter-level reference,,
LIYANAGE2026,LIYANAGE2026_Model6_unknown_initial,betaA,non-identifiable,Julia,results/manuscript_tables_20260726/reference_parameter_detail.csv,validated parameter-level reference,,
LIYANAGE2026,LIYANAGE2026_Model6_unknown_initial,betav,non-identifiable,Julia,results/manuscript_tables_20260726/reference_parameter_detail.csv,validated parameter-level reference,,
LIYANAGE2026,LIYANAGE2026_Model6_unknown_initial,gamma,global,Julia,results/manuscript_tables_20260726/reference_parameter_detail.csv,validated parameter-level reference,,
LIYANAGE2026,LIYANAGE2026_Model6_unknown_initial,lambdav,non-identifiable,Julia,results/manuscript_tables_20260726/reference_parameter_detail.csv,validated parameter-level reference,,
LIYANAGE2026,LIYANAGE2026_Model6_unknown_initial,muv,global,Julia,results/manuscript_tables_20260726/reference_parameter_detail.csv,validated parameter-level reference,,
LIYANAGE2026,LIYANAGE2026_Model6_unknown_initial,rho,non-identifiable,Julia,results/manuscript_tables_20260726/reference_parameter_detail.csv,validated parameter-level reference,,
LIYANAGE2026,LIYANAGE2026_Model6_unknown_initial,N,non-identifiable,Julia,results/manuscript_tables_20260726/reference_parameter_detail.csv,validated parameter-level reference,,
LIYANAGE2026,LIYANAGE2026_Model6_unknown_initial,c,non-identifiable,Julia,results/manuscript_tables_20260726/reference_parameter_detail.csv,validated parameter-level reference,,
LIYANAGE2026,LIYANAGE2026_Model7a_known_initial,C,global,Julia,results/manuscript_tables_20260726/reference_parameter_detail.csv,validated parameter-level reference,,
LIYANAGE2026,LIYANAGE2026_Model7a_known_initial,C2,global,Julia,results/manuscript_tables_20260726/reference_parameter_detail.csv,validated parameter-level reference,,
LIYANAGE2026,LIYANAGE2026_Model7a_known_initial,C3,global,Julia,results/manuscript_tables_20260726/reference_parameter_detail.csv,validated parameter-level reference,,
LIYANAGE2026,LIYANAGE2026_Model7a_known_initial,a,global,Julia,results/manuscript_tables_20260726/reference_parameter_detail.csv,validated parameter-level reference,,
LIYANAGE2026,LIYANAGE2026_Model7a_known_initial,bD,global,Julia,results/manuscript_tables_20260726/reference_parameter_detail.csv,validated parameter-level reference,,
LIYANAGE2026,LIYANAGE2026_Model7a_known_initial,bH,global,Julia,results/manuscript_tables_20260726/reference_parameter_detail.csv,validated parameter-level reference,,
LIYANAGE2026,LIYANAGE2026_Model7a_known_initial,bI,global,Julia,results/manuscript_tables_20260726/reference_parameter_detail.csv,validated parameter-level reference,,
LIYANAGE2026,LIYANAGE2026_Model7a_known_initial,dH,global,Julia,results/manuscript_tables_20260726/reference_parameter_detail.csv,validated parameter-level reference,,
LIYANAGE2026,LIYANAGE2026_Model7a_known_initial,dI,global,Julia,results/manuscript_tables_20260726/reference_parameter_detail.csv,validated parameter-level reference,,
LIYANAGE2026,LIYANAGE2026_Model7a_known_initial,gH,global,Julia,results/manuscript_tables_20260726/reference_parameter_detail.csv,validated parameter-level reference,,
LIYANAGE2026,LIYANAGE2026_Model7a_known_initial,gI,global,Julia,results/manuscript_tables_20260726/reference_parameter_detail.csv,validated parameter-level reference,,
LIYANAGE2026,LIYANAGE2026_Model7a_known_initial,k,global,Julia,results/manuscript_tables_20260726/reference_parameter_detail.csv,validated parameter-level reference,,
LIYANAGE2026,LIYANAGE2026_Model7a_unknown_initial,C,non-identifiable,Julia,results/manuscript_tables_20260726/reference_parameter_detail.csv,validated parameter-level reference,,
LIYANAGE2026,LIYANAGE2026_Model7a_unknown_initial,C2,global,Julia,results/manuscript_tables_20260726/reference_parameter_detail.csv,validated parameter-level reference,,
LIYANAGE2026,LIYANAGE2026_Model7a_unknown_initial,C3,global,Julia,results/manuscript_tables_20260726/reference_parameter_detail.csv,validated parameter-level reference,,
LIYANAGE2026,LIYANAGE2026_Model7a_unknown_initial,a,non-identifiable,Julia,results/manuscript_tables_20260726/reference_parameter_detail.csv,validated parameter-level reference,,
LIYANAGE2026,LIYANAGE2026_Model7a_unknown_initial,bD,global,Julia,results/manuscript_tables_20260726/reference_parameter_detail.csv,validated parameter-level reference,,
LIYANAGE2026,LIYANAGE2026_Model7a_unknown_initial,bH,non-identifiable,Julia,results/manuscript_tables_20260726/reference_parameter_detail.csv,validated parameter-level reference,,
LIYANAGE2026,LIYANAGE2026_Model7a_unknown_initial,bI,non-identifiable,Julia,results/manuscript_tables_20260726/reference_parameter_detail.csv,validated parameter-level reference,,
LIYANAGE2026,LIYANAGE2026_Model7a_unknown_initial,dH,non-identifiable,Julia,results/manuscript_tables_20260726/reference_parameter_detail.csv,validated parameter-level reference,,
LIYANAGE2026,LIYANAGE2026_Model7a_unknown_initial,dI,non-identifiable,Julia,results/manuscript_tables_20260726/reference_parameter_detail.csv,validated parameter-level reference,,
LIYANAGE2026,LIYANAGE2026_Model7a_unknown_initial,gH,non-identifiable,Julia,results/manuscript_tables_20260726/reference_parameter_detail.csv,validated parameter-level reference,,
LIYANAGE2026,LIYANAGE2026_Model7a_unknown_initial,gI,non-identifiable,Julia,results/manuscript_tables_20260726/reference_parameter_detail.csv,validated parameter-level reference,,
LIYANAGE2026,LIYANAGE2026_Model7a_unknown_initial,k,global,Julia,results/manuscript_tables_20260726/reference_parameter_detail.csv,validated parameter-level reference,,
LIYANAGE2026,LIYANAGE2026_Model7b_known_initial,C,global,Julia,results/manuscript_tables_20260726/reference_parameter_detail.csv,validated parameter-level reference,,
LIYANAGE2026,LIYANAGE2026_Model7b_known_initial,C2,global,Julia,results/manuscript_tables_20260726/reference_parameter_detail.csv,validated parameter-level reference,,
LIYANAGE2026,LIYANAGE2026_Model7b_known_initial,C3,global,Julia,results/manuscript_tables_20260726/reference_parameter_detail.csv,validated parameter-level reference,,
LIYANAGE2026,LIYANAGE2026_Model7b_known_initial,a,global,Julia,results/manuscript_tables_20260726/reference_parameter_detail.csv,validated parameter-level reference,,
LIYANAGE2026,LIYANAGE2026_Model7b_known_initial,bD,global,Julia,results/manuscript_tables_20260726/reference_parameter_detail.csv,validated parameter-level reference,,
LIYANAGE2026,LIYANAGE2026_Model7b_known_initial,bH,global,Julia,results/manuscript_tables_20260726/reference_parameter_detail.csv,validated parameter-level reference,,
LIYANAGE2026,LIYANAGE2026_Model7b_known_initial,bI,global,Julia,results/manuscript_tables_20260726/reference_parameter_detail.csv,validated parameter-level reference,,
LIYANAGE2026,LIYANAGE2026_Model7b_known_initial,dH,global,Julia,results/manuscript_tables_20260726/reference_parameter_detail.csv,validated parameter-level reference,,
LIYANAGE2026,LIYANAGE2026_Model7b_known_initial,dI,global,Julia,results/manuscript_tables_20260726/reference_parameter_detail.csv,validated parameter-level reference,,
LIYANAGE2026,LIYANAGE2026_Model7b_known_initial,gH,global,Julia,results/manuscript_tables_20260726/reference_parameter_detail.csv,validated parameter-level reference,,
LIYANAGE2026,LIYANAGE2026_Model7b_known_initial,gI,global,Julia,results/manuscript_tables_20260726/reference_parameter_detail.csv,validated parameter-level reference,,
LIYANAGE2026,LIYANAGE2026_Model7b_known_initial,k,global,Julia,results/manuscript_tables_20260726/reference_parameter_detail.csv,validated parameter-level reference,,
LIYANAGE2026,LIYANAGE2026_Model7b_unknown_initial,C,non-identifiable,Julia,results/manuscript_tables_20260726/reference_parameter_detail.csv,validated parameter-level reference,,
LIYANAGE2026,LIYANAGE2026_Model7b_unknown_initial,C2,global,Julia,results/manuscript_tables_20260726/reference_parameter_detail.csv,validated parameter-level reference,,
LIYANAGE2026,LIYANAGE2026_Model7b_unknown_initial,C3,global,Julia,results/manuscript_tables_20260726/reference_parameter_detail.csv,validated parameter-level reference,,
LIYANAGE2026,LIYANAGE2026_Model7b_unknown_initial,a,global,Julia,results/manuscript_tables_20260726/reference_parameter_detail.csv,validated parameter-level reference,,
LIYANAGE2026,LIYANAGE2026_Model7b_unknown_initial,bD,global,Julia,results/manuscript_tables_20260726/reference_parameter_detail.csv,validated parameter-level reference,,
LIYANAGE2026,LIYANAGE2026_Model7b_unknown_initial,bH,non-identifiable,Julia,results/manuscript_tables_20260726/reference_parameter_detail.csv,validated parameter-level reference,,
LIYANAGE2026,LIYANAGE2026_Model7b_unknown_initial,bI,non-identifiable,Julia,results/manuscript_tables_20260726/reference_parameter_detail.csv,validated parameter-level reference,,
LIYANAGE2026,LIYANAGE2026_Model7b_unknown_initial,dH,non-identifiable,Julia,results/manuscript_tables_20260726/reference_parameter_detail.csv,validated parameter-level reference,,
LIYANAGE2026,LIYANAGE2026_Model7b_unknown_initial,dI,non-identifiable,Julia,results/manuscript_tables_20260726/reference_parameter_detail.csv,validated parameter-level reference,,
LIYANAGE2026,LIYANAGE2026_Model7b_unknown_initial,gH,non-identifiable,Julia,results/manuscript_tables_20260726/reference_parameter_detail.csv,validated parameter-level reference,,
LIYANAGE2026,LIYANAGE2026_Model7b_unknown_initial,gI,non-identifiable,Julia,results/manuscript_tables_20260726/reference_parameter_detail.csv,validated parameter-level reference,,
LIYANAGE2026,LIYANAGE2026_Model7b_unknown_initial,k,global,Julia,results/manuscript_tables_20260726/reference_parameter_detail.csv,validated parameter-level reference,,
LIYANAGE2026,LIYANAGE2026_Model7c_known_initial,C,global,Julia,results/manuscript_tables_20260726/reference_parameter_detail.csv,validated parameter-level reference,,
LIYANAGE2026,LIYANAGE2026_Model7c_known_initial,C2,global,Julia,results/manuscript_tables_20260726/reference_parameter_detail.csv,validated parameter-level reference,,
LIYANAGE2026,LIYANAGE2026_Model7c_known_initial,C3,global,Julia,results/manuscript_tables_20260726/reference_parameter_detail.csv,validated parameter-level reference,,
LIYANAGE2026,LIYANAGE2026_Model7c_known_initial,a,global,Julia,results/manuscript_tables_20260726/reference_parameter_detail.csv,validated parameter-level reference,,
LIYANAGE2026,LIYANAGE2026_Model7c_known_initial,bD,global,Julia,results/manuscript_tables_20260726/reference_parameter_detail.csv,validated parameter-level reference,,
LIYANAGE2026,LIYANAGE2026_Model7c_known_initial,bH,global,Julia,results/manuscript_tables_20260726/reference_parameter_detail.csv,validated parameter-level reference,,
LIYANAGE2026,LIYANAGE2026_Model7c_known_initial,bI,global,Julia,results/manuscript_tables_20260726/reference_parameter_detail.csv,validated parameter-level reference,,
LIYANAGE2026,LIYANAGE2026_Model7c_known_initial,dH,global,Julia,results/manuscript_tables_20260726/reference_parameter_detail.csv,validated parameter-level reference,,
LIYANAGE2026,LIYANAGE2026_Model7c_known_initial,dI,global,Julia,results/manuscript_tables_20260726/reference_parameter_detail.csv,validated parameter-level reference,,
LIYANAGE2026,LIYANAGE2026_Model7c_known_initial,gH,global,Julia,results/manuscript_tables_20260726/reference_parameter_detail.csv,validated parameter-level reference,,
LIYANAGE2026,LIYANAGE2026_Model7c_known_initial,gI,global,Julia,results/manuscript_tables_20260726/reference_parameter_detail.csv,validated parameter-level reference,,
LIYANAGE2026,LIYANAGE2026_Model7c_known_initial,k,global,Julia,results/manuscript_tables_20260726/reference_parameter_detail.csv,validated parameter-level reference,,
LIYANAGE2026,LIYANAGE2026_Model7c_unknown_initial,C,global,Julia,results/manuscript_tables_20260726/reference_parameter_detail.csv,validated parameter-level reference,,
LIYANAGE2026,LIYANAGE2026_Model7c_unknown_initial,C2,global,Julia,results/manuscript_tables_20260726/reference_parameter_detail.csv,validated parameter-level reference,,
LIYANAGE2026,LIYANAGE2026_Model7c_unknown_initial,C3,global,Julia,results/manuscript_tables_20260726/reference_parameter_detail.csv,validated parameter-level reference,,
LIYANAGE2026,LIYANAGE2026_Model7c_unknown_initial,a,global,Julia,results/manuscript_tables_20260726/reference_parameter_detail.csv,validated parameter-level reference,,
LIYANAGE2026,LIYANAGE2026_Model7c_unknown_initial,bD,global,Julia,results/manuscript_tables_20260726/reference_parameter_detail.csv,validated parameter-level reference,,
LIYANAGE2026,LIYANAGE2026_Model7c_unknown_initial,bH,global,Julia,results/manuscript_tables_20260726/reference_parameter_detail.csv,validated parameter-level reference,,
LIYANAGE2026,LIYANAGE2026_Model7c_unknown_initial,bI,global,Julia,results/manuscript_tables_20260726/reference_parameter_detail.csv,validated parameter-level reference,,
LIYANAGE2026,LIYANAGE2026_Model7c_unknown_initial,dH,global,Julia,results/manuscript_tables_20260726/reference_parameter_detail.csv,validated parameter-level reference,,
LIYANAGE2026,LIYANAGE2026_Model7c_unknown_initial,dI,global,Julia,results/manuscript_tables_20260726/reference_parameter_detail.csv,validated parameter-level reference,,
LIYANAGE2026,LIYANAGE2026_Model7c_unknown_initial,gH,global,Julia,results/manuscript_tables_20260726/reference_parameter_detail.csv,validated parameter-level reference,,
LIYANAGE2026,LIYANAGE2026_Model7c_unknown_initial,gI,global,Julia,results/manuscript_tables_20260726/reference_parameter_detail.csv,validated parameter-level reference,,
LIYANAGE2026,LIYANAGE2026_Model7c_unknown_initial,k,global,Julia,results/manuscript_tables_20260726/reference_parameter_detail.csv,validated parameter-level reference,,
LIYANAGE2026,LIYANAGE2026_Model8a_known_initial,C,non-identifiable,Julia,results/manuscript_tables_20260726/reference_parameter_detail.csv,validated parameter-level reference,,
LIYANAGE2026,LIYANAGE2026_Model8a_known_initial,C1,global,Julia,results/manuscript_tables_20260726/reference_parameter_detail.csv,validated parameter-level reference,,
LIYANAGE2026,LIYANAGE2026_Model8a_known_initial,betaI,non-identifiable,Julia,results/manuscript_tables_20260726/reference_parameter_detail.csv,validated parameter-level reference,,
LIYANAGE2026,LIYANAGE2026_Model8a_known_initial,betap,non-identifiable,Julia,results/manuscript_tables_20260726/reference_parameter_detail.csv,validated parameter-level reference,,
LIYANAGE2026,LIYANAGE2026_Model8a_known_initial,delta,non-identifiable,Julia,results/manuscript_tables_20260726/reference_parameter_detail.csv,validated parameter-level reference,,
LIYANAGE2026,LIYANAGE2026_Model8a_known_initial,gamma,non-identifiable,Julia,results/manuscript_tables_20260726/reference_parameter_detail.csv,validated parameter-level reference,,
LIYANAGE2026,LIYANAGE2026_Model8a_known_initial,gammap,global,Julia,results/manuscript_tables_20260726/reference_parameter_detail.csv,validated parameter-level reference,,
LIYANAGE2026,LIYANAGE2026_Model8a_known_initial,k,global,Julia,results/manuscript_tables_20260726/reference_parameter_detail.csv,validated parameter-level reference,,
LIYANAGE2026,LIYANAGE2026_Model8a_known_initial,kp,global,Julia,results/manuscript_tables_20260726/reference_parameter_detail.csv,validated parameter-level reference,,
LIYANAGE2026,LIYANAGE2026_Model8a_unknown_initial,C,non-identifiable,Julia,results/manuscript_tables_20260726/reference_parameter_detail.csv,validated parameter-level reference,,
LIYANAGE2026,LIYANAGE2026_Model8a_unknown_initial,C1,non-identifiable,Julia,results/manuscript_tables_20260726/reference_parameter_detail.csv,validated parameter-level reference,,
LIYANAGE2026,LIYANAGE2026_Model8a_unknown_initial,betaI,non-identifiable,Julia,results/manuscript_tables_20260726/reference_parameter_detail.csv,validated parameter-level reference,,
LIYANAGE2026,LIYANAGE2026_Model8a_unknown_initial,betap,non-identifiable,Julia,results/manuscript_tables_20260726/reference_parameter_detail.csv,validated parameter-level reference,,
LIYANAGE2026,LIYANAGE2026_Model8a_unknown_initial,delta,non-identifiable,Julia,results/manuscript_tables_20260726/reference_parameter_detail.csv,validated parameter-level reference,,
LIYANAGE2026,LIYANAGE2026_Model8a_unknown_initial,gamma,non-identifiable,Julia,results/manuscript_tables_20260726/reference_parameter_detail.csv,validated parameter-level reference,,
LIYANAGE2026,LIYANAGE2026_Model8a_unknown_initial,gammap,non-identifiable,Julia,results/manuscript_tables_20260726/reference_parameter_detail.csv,validated parameter-level reference,,
LIYANAGE2026,LIYANAGE2026_Model8a_unknown_initial,k,global,Julia,results/manuscript_tables_20260726/reference_parameter_detail.csv,validated parameter-level reference,,
LIYANAGE2026,LIYANAGE2026_Model8a_unknown_initial,kp,non-identifiable,Julia,results/manuscript_tables_20260726/reference_parameter_detail.csv,validated parameter-level reference,,
LIYANAGE2026,LIYANAGE2026_Model8b_known_initial,betaI,global,Julia,results/manuscript_tables_20260726/reference_parameter_detail.csv,validated parameter-level reference,,
LIYANAGE2026,LIYANAGE2026_Model8b_known_initial,betap,global,Julia,results/manuscript_tables_20260726/reference_parameter_detail.csv,validated parameter-level reference,,
LIYANAGE2026,LIYANAGE2026_Model8b_known_initial,delta,global,Julia,results/manuscript_tables_20260726/reference_parameter_detail.csv,validated parameter-level reference,,
LIYANAGE2026,LIYANAGE2026_Model8b_known_initial,gamma,global,Julia,results/manuscript_tables_20260726/reference_parameter_detail.csv,validated parameter-level reference,,
LIYANAGE2026,LIYANAGE2026_Model8b_known_initial,gammap,global,Julia,results/manuscript_tables_20260726/reference_parameter_detail.csv,validated parameter-level reference,,
LIYANAGE2026,LIYANAGE2026_Model8b_known_initial,k,global,Julia,results/manuscript_tables_20260726/reference_parameter_detail.csv,validated parameter-level reference,,
LIYANAGE2026,LIYANAGE2026_Model8b_known_initial,kp,global,Julia,results/manuscript_tables_20260726/reference_parameter_detail.csv,validated parameter-level reference,,
LIYANAGE2026,LIYANAGE2026_Model8b_unknown_initial,betaI,global,Julia,results/manuscript_tables_20260726/reference_parameter_detail.csv,validated parameter-level reference,,
LIYANAGE2026,LIYANAGE2026_Model8b_unknown_initial,betap,non-identifiable,Julia,results/manuscript_tables_20260726/reference_parameter_detail.csv,validated parameter-level reference,,
LIYANAGE2026,LIYANAGE2026_Model8b_unknown_initial,delta,global,Julia,results/manuscript_tables_20260726/reference_parameter_detail.csv,validated parameter-level reference,,
LIYANAGE2026,LIYANAGE2026_Model8b_unknown_initial,gamma,global,Julia,results/manuscript_tables_20260726/reference_parameter_detail.csv,validated parameter-level reference,,
LIYANAGE2026,LIYANAGE2026_Model8b_unknown_initial,gammap,non-identifiable,Julia,results/manuscript_tables_20260726/reference_parameter_detail.csv,validated parameter-level reference,,
LIYANAGE2026,LIYANAGE2026_Model8b_unknown_initial,k,local,Julia,results/manuscript_tables_20260726/reference_parameter_detail.csv,validated parameter-level reference,,
LIYANAGE2026,LIYANAGE2026_Model8b_unknown_initial,kp,non-identifiable,Julia,results/manuscript_tables_20260726/reference_parameter_detail.csv,validated parameter-level reference,,
LIYANAGE2026,LIYANAGE2026_Model9_known_initial,betaI,global,Julia,results/manuscript_tables_20260726/reference_parameter_detail.csv,validated parameter-level reference,,
LIYANAGE2026,LIYANAGE2026_Model9_known_initial,betaU,global,Julia,results/manuscript_tables_20260726/reference_parameter_detail.csv,validated parameter-level reference,,
LIYANAGE2026,LIYANAGE2026_Model9_known_initial,gamma,global,Julia,results/manuscript_tables_20260726/reference_parameter_detail.csv,validated parameter-level reference,,
LIYANAGE2026,LIYANAGE2026_Model9_known_initial,k,global,Julia,results/manuscript_tables_20260726/reference_parameter_detail.csv,validated parameter-level reference,,
LIYANAGE2026,LIYANAGE2026_Model9_known_initial,rho,global,Julia,results/manuscript_tables_20260726/reference_parameter_detail.csv,validated parameter-level reference,,
LIYANAGE2026,LIYANAGE2026_Model9_unknown_initial,betaI,non-identifiable,Julia,results/manuscript_tables_20260726/reference_parameter_detail.csv,validated parameter-level reference,,
LIYANAGE2026,LIYANAGE2026_Model9_unknown_initial,betaU,non-identifiable,Julia,results/manuscript_tables_20260726/reference_parameter_detail.csv,validated parameter-level reference,,
LIYANAGE2026,LIYANAGE2026_Model9_unknown_initial,gamma,global,Julia,results/manuscript_tables_20260726/reference_parameter_detail.csv,validated parameter-level reference,,
LIYANAGE2026,LIYANAGE2026_Model9_unknown_initial,k,global,Julia,results/manuscript_tables_20260726/reference_parameter_detail.csv,validated parameter-level reference,,
LIYANAGE2026,LIYANAGE2026_Model9_unknown_initial,rho,non-identifiable,Julia,results/manuscript_tables_20260726/reference_parameter_detail.csv,validated parameter-level reference,,
LIYANAGE2026,LIYANAGE2026_Model9_unknown_initial,N,non-identifiable,Julia,results/manuscript_tables_20260726/reference_parameter_detail.csv,validated parameter-level reference,,
Massonis2021,MASSONIS2021_model18_jia_d_i_q,beta,global,Julia,structural_identifiability_results/Massonis2021/model18_jia_d_i_q.log,assess_identifiability; initial-condition case=known_generic,,
Massonis2021,MASSONIS2021_model18_jia_d_i_q,theta,global,Julia,structural_identifiability_results/Massonis2021/model18_jia_d_i_q.log,assess_identifiability; initial-condition case=known_generic,,
Massonis2021,MASSONIS2021_model18_jia_d_i_q,lambda,global,Julia,structural_identifiability_results/Massonis2021/model18_jia_d_i_q.log,assess_identifiability; initial-condition case=known_generic,,
Massonis2021,MASSONIS2021_model18_jia_d_i_q,sigma,global,Julia,structural_identifiability_results/Massonis2021/model18_jia_d_i_q.log,assess_identifiability; initial-condition case=known_generic,,
Massonis2021,MASSONIS2021_model18_jia_d_i_q,rho,global,Julia,structural_identifiability_results/Massonis2021/model18_jia_d_i_q.log,assess_identifiability; initial-condition case=known_generic,,
Massonis2021,MASSONIS2021_model18_jia_d_i_q,epsilon_a,global,Julia,structural_identifiability_results/Massonis2021/model18_jia_d_i_q.log,assess_identifiability; initial-condition case=known_generic,,
Massonis2021,MASSONIS2021_model18_jia_d_i_q,epsilon_i,global,Julia,structural_identifiability_results/Massonis2021/model18_jia_d_i_q.log,assess_identifiability; initial-condition case=known_generic,,
Massonis2021,MASSONIS2021_model18_jia_d_i_q,gamma_i,non-identifiable,Julia,structural_identifiability_results/Massonis2021/model18_jia_d_i_q.log,assess_identifiability; initial-condition case=known_generic,,
Massonis2021,MASSONIS2021_model18_jia_d_i_q,gamma_a,global,Julia,structural_identifiability_results/Massonis2021/model18_jia_d_i_q.log,assess_identifiability; initial-condition case=known_generic,,
Massonis2021,MASSONIS2021_model18_jia_d_i_q,gamma_d,non-identifiable,Julia,structural_identifiability_results/Massonis2021/model18_jia_d_i_q.log,assess_identifiability; initial-condition case=known_generic,,
Massonis2021,MASSONIS2021_model18_jia_d_i_q,p,global,Julia,structural_identifiability_results/Massonis2021/model18_jia_d_i_q.log,assess_identifiability; initial-condition case=known_generic,,
Massonis2021,MASSONIS2021_model18_jia_d_i_q,d_i,non-identifiable,Julia,structural_identifiability_results/Massonis2021/model18_jia_d_i_q.log,assess_identifiability; initial-condition case=known_generic,,
Massonis2021,MASSONIS2021_model18_jia_d_i_q,d_d,non-identifiable,Julia,structural_identifiability_results/Massonis2021/model18_jia_d_i_q.log,assess_identifiability; initial-condition case=known_generic,,
Massonis2021,MASSONIS2021_model18_jia_q_d,beta,global,Julia,structural_identifiability_results/Massonis2021/model18_jia_q_d.log,assess_identifiability; initial-condition case=known_generic,,
Massonis2021,MASSONIS2021_model18_jia_q_d,theta,global,Julia,structural_identifiability_results/Massonis2021/model18_jia_q_d.log,assess_identifiability; initial-condition case=known_generic,,
Massonis2021,MASSONIS2021_model18_jia_q_d,lambda,global,Julia,structural_identifiability_results/Massonis2021/model18_jia_q_d.log,assess_identifiability; initial-condition case=known_generic,,
Massonis2021,MASSONIS2021_model18_jia_q_d,sigma,global,Julia,structural_identifiability_results/Massonis2021/model18_jia_q_d.log,assess_identifiability; initial-condition case=known_generic,,
Massonis2021,MASSONIS2021_model18_jia_q_d,rho,global,Julia,structural_identifiability_results/Massonis2021/model18_jia_q_d.log,assess_identifiability; initial-condition case=known_generic,,
Massonis2021,MASSONIS2021_model18_jia_q_d,epsilon_a,global,Julia,structural_identifiability_results/Massonis2021/model18_jia_q_d.log,assess_identifiability; initial-condition case=known_generic,,
Massonis2021,MASSONIS2021_model18_jia_q_d,epsilon_i,global,Julia,structural_identifiability_results/Massonis2021/model18_jia_q_d.log,assess_identifiability; initial-condition case=known_generic,,
Massonis2021,MASSONIS2021_model18_jia_q_d,gamma_i,non-identifiable,Julia,structural_identifiability_results/Massonis2021/model18_jia_q_d.log,assess_identifiability; initial-condition case=known_generic,,
Massonis2021,MASSONIS2021_model18_jia_q_d,gamma_a,global,Julia,structural_identifiability_results/Massonis2021/model18_jia_q_d.log,assess_identifiability; initial-condition case=known_generic,,
Massonis2021,MASSONIS2021_model18_jia_q_d,gamma_d,non-identifiable,Julia,structural_identifiability_results/Massonis2021/model18_jia_q_d.log,assess_identifiability; initial-condition case=known_generic,,
Massonis2021,MASSONIS2021_model18_jia_q_d,p,global,Julia,structural_identifiability_results/Massonis2021/model18_jia_q_d.log,assess_identifiability; initial-condition case=known_generic,,
Massonis2021,MASSONIS2021_model18_jia_q_d,d_i,non-identifiable,Julia,structural_identifiability_results/Massonis2021/model18_jia_q_d.log,assess_identifiability; initial-condition case=known_generic,,
Massonis2021,MASSONIS2021_model18_jia_q_d,d_d,non-identifiable,Julia,structural_identifiability_results/Massonis2021/model18_jia_q_d.log,assess_identifiability; initial-condition case=known_generic,,
Massonis2021,MASSONIS2021_model33_fosu_l_q,gamma,global,Julia,structural_identifiability_results/Massonis2021/model33_fosu_l_q.log,assess_identifiability; initial-condition case=unknown,,
Massonis2021,MASSONIS2021_model33_fosu_l_q,beta1,global,Julia,structural_identifiability_results/Massonis2021/model33_fosu_l_q.log,assess_identifiability; initial-condition case=unknown,,
Massonis2021,MASSONIS2021_model33_fosu_l_q,eta,global,Julia,structural_identifiability_results/Massonis2021/model33_fosu_l_q.log,assess_identifiability; initial-condition case=unknown,,
Massonis2021,MASSONIS2021_model33_fosu_l_q,delta,global,Julia,structural_identifiability_results/Massonis2021/model33_fosu_l_q.log,assess_identifiability; initial-condition case=unknown,,
Massonis2021,MASSONIS2021_model33_fosu_l_q,xi,global,Julia,structural_identifiability_results/Massonis2021/model33_fosu_l_q.log,assess_identifiability; initial-condition case=unknown,,
Massonis2021,MASSONIS2021_model33_fosu_l_q,theta2,global,Julia,structural_identifiability_results/Massonis2021/model33_fosu_l_q.log,assess_identifiability; initial-condition case=unknown,,
Massonis2021,MASSONIS2021_model33_fosu_l_q,epsilon,global,Julia,structural_identifiability_results/Massonis2021/model33_fosu_l_q.log,assess_identifiability; initial-condition case=unknown,,
Massonis2021,MASSONIS2021_model33_fosu_l_q,theta1,global,Julia,structural_identifiability_results/Massonis2021/model33_fosu_l_q.log,assess_identifiability; initial-condition case=unknown,,
Massonis2021,MASSONIS2021_model33_fosu_l_q,alpha1,global,Julia,structural_identifiability_results/Massonis2021/model33_fosu_l_q.log,assess_identifiability; initial-condition case=unknown,,
Massonis2021,MASSONIS2021_model33_fosu_l_q,alpha2,global,Julia,structural_identifiability_results/Massonis2021/model33_fosu_l_q.log,assess_identifiability; initial-condition case=unknown,,
Massonis2021,MASSONIS2021_model39_mcgee_f_de_di,q,non-identifiable,Julia,structural_identifiability_results/Massonis2021/model39_mcgee_f_de_di.log,assess_identifiability; initial-condition case=unknown,,
Massonis2021,MASSONIS2021_model39_mcgee_f_de_di,mu_i,non-identifiable,Julia,structural_identifiability_results/Massonis2021/model39_mcgee_f_de_di.log,assess_identifiability; initial-condition case=unknown,,
Massonis2021,MASSONIS2021_model39_mcgee_f_de_di,mu_d,global,Julia,structural_identifiability_results/Massonis2021/model39_mcgee_f_de_di.log,assess_identifiability; initial-condition case=unknown,,
Massonis2021,MASSONIS2021_model39_mcgee_f_de_di,sigma,non-identifiable,Julia,structural_identifiability_results/Massonis2021/model39_mcgee_f_de_di.log,assess_identifiability; initial-condition case=unknown,,
Massonis2021,MASSONIS2021_model39_mcgee_f_de_di,sigma_d,global,Julia,structural_identifiability_results/Massonis2021/model39_mcgee_f_de_di.log,assess_identifiability; initial-condition case=unknown,,
Massonis2021,MASSONIS2021_model39_mcgee_f_de_di,theta_e,non-identifiable,Julia,structural_identifiability_results/Massonis2021/model39_mcgee_f_de_di.log,assess_identifiability; initial-condition case=unknown,,
Massonis2021,MASSONIS2021_model39_mcgee_f_de_di,theta_i,non-identifiable,Julia,structural_identifiability_results/Massonis2021/model39_mcgee_f_de_di.log,assess_identifiability; initial-condition case=unknown,,
Massonis2021,MASSONIS2021_model39_mcgee_f_de_di,gamma,non-identifiable,Julia,structural_identifiability_results/Massonis2021/model39_mcgee_f_de_di.log,assess_identifiability; initial-condition case=unknown,,
Massonis2021,MASSONIS2021_model39_mcgee_f_de_di,gamma_d,global,Julia,structural_identifiability_results/Massonis2021/model39_mcgee_f_de_di.log,assess_identifiability; initial-condition case=unknown,,
Massonis2021,MASSONIS2021_model39_mcgee_f_de_di,beta,non-identifiable,Julia,structural_identifiability_results/Massonis2021/model39_mcgee_f_de_di.log,assess_identifiability; initial-condition case=unknown,,
Massonis2021,MASSONIS2021_model39_mcgee_f_de_di,beta_d,non-identifiable,Julia,structural_identifiability_results/Massonis2021/model39_mcgee_f_de_di.log,assess_identifiability; initial-condition case=unknown,,
Massonis2021,MASSONIS2021_model39_mcgee_f_de_di,phi_i,non-identifiable,Julia,structural_identifiability_results/Massonis2021/model39_mcgee_f_de_di.log,assess_identifiability; initial-condition case=unknown,,
Massonis2021,MASSONIS2021_model39_mcgee_f_de_di,phi_e,non-identifiable,Julia,structural_identifiability_results/Massonis2021/model39_mcgee_f_de_di.log,assess_identifiability; initial-condition case=unknown,,
Massonis2021,MASSONIS2021_model39_mcgee_f_di,q,non-identifiable,Julia,structural_identifiability_results/Massonis2021/model39_mcgee_f_di.log,assess_identifiability; initial-condition case=unknown,,
Massonis2021,MASSONIS2021_model39_mcgee_f_di,mu_i,non-identifiable,Julia,structural_identifiability_results/Massonis2021/model39_mcgee_f_di.log,assess_identifiability; initial-condition case=unknown,,
Massonis2021,MASSONIS2021_model39_mcgee_f_di,mu_d,global,Julia,structural_identifiability_results/Massonis2021/model39_mcgee_f_di.log,assess_identifiability; initial-condition case=unknown,,
Massonis2021,MASSONIS2021_model39_mcgee_f_di,sigma,non-identifiable,Julia,structural_identifiability_results/Massonis2021/model39_mcgee_f_di.log,assess_identifiability; initial-condition case=unknown,,
Massonis2021,MASSONIS2021_model39_mcgee_f_di,sigma_d,local,Julia,structural_identifiability_results/Massonis2021/model39_mcgee_f_di.log,assess_identifiability; initial-condition case=unknown,,
Massonis2021,MASSONIS2021_model39_mcgee_f_di,theta_e,non-identifiable,Julia,structural_identifiability_results/Massonis2021/model39_mcgee_f_di.log,assess_identifiability; initial-condition case=unknown,,
Massonis2021,MASSONIS2021_model39_mcgee_f_di,theta_i,non-identifiable,Julia,structural_identifiability_results/Massonis2021/model39_mcgee_f_di.log,assess_identifiability; initial-condition case=unknown,,
Massonis2021,MASSONIS2021_model39_mcgee_f_di,gamma,non-identifiable,Julia,structural_identifiability_results/Massonis2021/model39_mcgee_f_di.log,assess_identifiability; initial-condition case=unknown,,
Massonis2021,MASSONIS2021_model39_mcgee_f_di,gamma_d,local,Julia,structural_identifiability_results/Massonis2021/model39_mcgee_f_di.log,assess_identifiability; initial-condition case=unknown,,
Massonis2021,MASSONIS2021_model39_mcgee_f_di,beta,non-identifiable,Julia,structural_identifiability_results/Massonis2021/model39_mcgee_f_di.log,assess_identifiability; initial-condition case=unknown,,
Massonis2021,MASSONIS2021_model39_mcgee_f_di,beta_d,non-identifiable,Julia,structural_identifiability_results/Massonis2021/model39_mcgee_f_di.log,assess_identifiability; initial-condition case=unknown,,
Massonis2021,MASSONIS2021_model39_mcgee_f_di,phi_i,non-identifiable,Julia,structural_identifiability_results/Massonis2021/model39_mcgee_f_di.log,assess_identifiability; initial-condition case=unknown,,
Massonis2021,MASSONIS2021_model39_mcgee_f_di,phi_e,non-identifiable,Julia,structural_identifiability_results/Massonis2021/model39_mcgee_f_di.log,assess_identifiability; initial-condition case=unknown,,
Massonis2021,MASSONIS2021_model51_mcgee_de_di_f,q,non-identifiable,Julia,structural_identifiability_results/Massonis2021/model51_mcgee_de_di_f.log,assess_identifiability; initial-condition case=unknown,,
Massonis2021,MASSONIS2021_model51_mcgee_de_di_f,mu_i,global,Julia,structural_identifiability_results/Massonis2021/model51_mcgee_de_di_f.log,assess_identifiability; initial-condition case=unknown,,
Massonis2021,MASSONIS2021_model51_mcgee_de_di_f,mu_d,global,Julia,structural_identifiability_results/Massonis2021/model51_mcgee_de_di_f.log,assess_identifiability; initial-condition case=unknown,,
Massonis2021,MASSONIS2021_model51_mcgee_de_di_f,sigma,global,Julia,structural_identifiability_results/Massonis2021/model51_mcgee_de_di_f.log,assess_identifiability; initial-condition case=unknown,,
Massonis2021,MASSONIS2021_model51_mcgee_de_di_f,sigma_d,global,Julia,structural_identifiability_results/Massonis2021/model51_mcgee_de_di_f.log,assess_identifiability; initial-condition case=unknown,,
Massonis2021,MASSONIS2021_model51_mcgee_de_di_f,theta_e,non-identifiable,Julia,structural_identifiability_results/Massonis2021/model51_mcgee_de_di_f.log,assess_identifiability; initial-condition case=unknown,,
Massonis2021,MASSONIS2021_model51_mcgee_de_di_f,theta_i,non-identifiable,Julia,structural_identifiability_results/Massonis2021/model51_mcgee_de_di_f.log,assess_identifiability; initial-condition case=unknown,,
Massonis2021,MASSONIS2021_model51_mcgee_de_di_f,gamma,global,Julia,structural_identifiability_results/Massonis2021/model51_mcgee_de_di_f.log,assess_identifiability; initial-condition case=unknown,,
Massonis2021,MASSONIS2021_model51_mcgee_de_di_f,gamma_d,global,Julia,structural_identifiability_results/Massonis2021/model51_mcgee_de_di_f.log,assess_identifiability; initial-condition case=unknown,,
Massonis2021,MASSONIS2021_model51_mcgee_de_di_f,beta,global,Julia,structural_identifiability_results/Massonis2021/model51_mcgee_de_di_f.log,assess_identifiability; initial-condition case=unknown,,
Massonis2021,MASSONIS2021_model51_mcgee_de_di_f,beta_d,non-identifiable,Julia,structural_identifiability_results/Massonis2021/model51_mcgee_de_di_f.log,assess_identifiability; initial-condition case=unknown,,
Massonis2021,MASSONIS2021_model51_mcgee_de_di_f,phi_i,non-identifiable,Julia,structural_identifiability_results/Massonis2021/model51_mcgee_de_di_f.log,assess_identifiability; initial-condition case=unknown,,
Massonis2021,MASSONIS2021_model51_mcgee_de_di_f,phi_e,non-identifiable,Julia,structural_identifiability_results/Massonis2021/model51_mcgee_de_di_f.log,assess_identifiability; initial-condition case=unknown,,
Massonis2021,MASSONIS2021_model51_mcgee_de_di_f,mu0,global,Julia,structural_identifiability_results/Massonis2021/model51_mcgee_de_di_f.log,assess_identifiability; initial-condition case=unknown,,
NDAIROU2020,NDAIROU2020_seipahrf_published_outputs_unknown_initial,beta,local,Julia,results/manuscript_tables_20260726/reference_parameter_detail.csv,validated parameter-level reference,,
NDAIROU2020,NDAIROU2020_seipahrf_published_outputs_unknown_initial,beta_prime,local,Julia,results/manuscript_tables_20260726/reference_parameter_detail.csv,validated parameter-level reference,,
NDAIROU2020,NDAIROU2020_seipahrf_published_outputs_unknown_initial,delta_h,local,Julia,results/manuscript_tables_20260726/reference_parameter_detail.csv,validated parameter-level reference,,
NDAIROU2020,NDAIROU2020_seipahrf_published_outputs_unknown_initial,delta_i,local,Julia,results/manuscript_tables_20260726/reference_parameter_detail.csv,validated parameter-level reference,,
NDAIROU2020,NDAIROU2020_seipahrf_published_outputs_unknown_initial,delta_p,local,Julia,results/manuscript_tables_20260726/reference_parameter_detail.csv,validated parameter-level reference,,
NDAIROU2020,NDAIROU2020_seipahrf_published_outputs_unknown_initial,ell,local,Julia,results/manuscript_tables_20260726/reference_parameter_detail.csv,validated parameter-level reference,,
NDAIROU2020,NDAIROU2020_seipahrf_published_outputs_unknown_initial,gamma_a,global,Julia,results/manuscript_tables_20260726/reference_parameter_detail.csv,validated parameter-level reference,,
NDAIROU2020,NDAIROU2020_seipahrf_published_outputs_unknown_initial,gamma_i,local,Julia,results/manuscript_tables_20260726/reference_parameter_detail.csv,validated parameter-level reference,,
NDAIROU2020,NDAIROU2020_seipahrf_published_outputs_unknown_initial,gamma_r,local,Julia,results/manuscript_tables_20260726/reference_parameter_detail.csv,validated parameter-level reference,,
NDAIROU2020,NDAIROU2020_seipahrf_published_outputs_unknown_initial,kappa,global,Julia,results/manuscript_tables_20260726/reference_parameter_detail.csv,validated parameter-level reference,,
NDAIROU2020,NDAIROU2020_seipahrf_published_outputs_unknown_initial,rho1,non-identifiable,Julia,results/manuscript_tables_20260726/reference_parameter_detail.csv,validated parameter-level reference,,
NDAIROU2020,NDAIROU2020_seipahrf_published_outputs_unknown_initial,rho2,non-identifiable,Julia,results/manuscript_tables_20260726/reference_parameter_detail.csv,validated parameter-level reference,,
ROOSA2019,ROOSA2019_m1_seir_incidence,beta,global,Julia,results/manuscript_tables_20260726/reference_parameter_detail.csv,validated parameter-level reference,,
ROOSA2019,ROOSA2019_m1_seir_incidence,gamma,global,Julia,results/manuscript_tables_20260726/reference_parameter_detail.csv,validated parameter-level reference,,
ROOSA2019,ROOSA2019_m1_seir_incidence,k,global,Julia,results/manuscript_tables_20260726/reference_parameter_detail.csv,validated parameter-level reference,,
ROOSA2019,ROOSA2019_m2_seiar_diagnosis,alpha,global,Julia,results/manuscript_tables_20260726/reference_parameter_detail.csv,validated parameter-level reference,,
ROOSA2019,ROOSA2019_m2_seiar_diagnosis,beta,global,Julia,results/manuscript_tables_20260726/reference_parameter_detail.csv,validated parameter-level reference,,
ROOSA2019,ROOSA2019_m2_seiar_diagnosis,gamma1,global,Julia,results/manuscript_tables_20260726/reference_parameter_detail.csv,validated parameter-level reference,,
ROOSA2019,ROOSA2019_m2_seiar_diagnosis,gamma2,global,Julia,results/manuscript_tables_20260726/reference_parameter_detail.csv,validated parameter-level reference,,
ROOSA2019,ROOSA2019_m2_seiar_diagnosis,k,global,Julia,results/manuscript_tables_20260726/reference_parameter_detail.csv,validated parameter-level reference,,
ROOSA2019,ROOSA2019_m2_seiar_diagnosis,q,non-identifiable,Julia,results/manuscript_tables_20260726/reference_parameter_detail.csv,validated parameter-level reference,,
ROOSA2019,ROOSA2019_m2_seiar_diagnosis,rho,non-identifiable,Julia,results/manuscript_tables_20260726/reference_parameter_detail.csv,validated parameter-level reference,,
SAUER2022,SAUER2022_seir_infectious_prevalence,alpha,local,Julia,results/manuscript_tables_20260726/reference_parameter_detail.csv,validated parameter-level reference,,
SAUER2022,SAUER2022_seir_infectious_prevalence,beta,global,Julia,results/manuscript_tables_20260726/reference_parameter_detail.csv,validated parameter-level reference,,
SAUER2022,SAUER2022_seir_infectious_prevalence,gamma,local,Julia,results/manuscript_tables_20260726/reference_parameter_detail.csv,validated parameter-level reference,,
SAUER2022,SAUER2022_seuir_reparam_reported_prevalence,beta,non-identifiable,Julia,results/manuscript_tables_20260726/reference_parameter_detail.csv,validated parameter-level reference,,
SAUER2022,SAUER2022_seuir_reparam_reported_prevalence,d,global,Julia,results/manuscript_tables_20260726/reference_parameter_detail.csv,validated parameter-level reference,,
SAUER2022,SAUER2022_seuir_reparam_reported_prevalence,w,non-identifiable,Julia,results/manuscript_tables_20260726/reference_parameter_detail.csv,validated parameter-level reference,,
SAUER2022,SAUER2022_seuir_reparam_reported_prevalence,z,global,Julia,results/manuscript_tables_20260726/reference_parameter_detail.csv,validated parameter-level reference,,
WU2022,WU2022_model4_confirmed_prevalence_unknown_initial,beta,global,Julia,results/manuscript_tables_20260726/reference_parameter_detail.csv,validated parameter-level reference,,
WU2022,WU2022_model4_confirmed_prevalence_unknown_initial,etaE,global,Julia,results/manuscript_tables_20260726/reference_parameter_detail.csv,validated parameter-level reference,,
WU2022,WU2022_model4_confirmed_prevalence_unknown_initial,etaQ,global,Julia,results/manuscript_tables_20260726/reference_parameter_detail.csv,validated parameter-level reference,,
WU2022,WU2022_model4_confirmed_prevalence_unknown_initial,qI,global,Julia,results/manuscript_tables_20260726/reference_parameter_detail.csv,validated parameter-level reference,,
Zhang2021,ZHANG2021_covid_nyc_Dsum_only,beta,global,paper,results/manuscript_tables_20260726/reference_parameter_detail.csv,validated parameter-level reference,,
Zhang2021,ZHANG2021_covid_nyc_Dsum_only,p,non-identifiable,paper,results/manuscript_tables_20260726/reference_parameter_detail.csv,validated parameter-level reference,,
Zhang2021,ZHANG2021_covid_nyc_Dsum_only,q,non-identifiable,paper,results/manuscript_tables_20260726/reference_parameter_detail.csv,validated parameter-level reference,,
Zhang2021,ZHANG2021_covid_nyc_Dsum_only,eps,global,paper,results/manuscript_tables_20260726/reference_parameter_detail.csv,validated parameter-level reference,,
Zhang2021,ZHANG2021_covid_nyc_Dsum_only,delta,global,paper,results/manuscript_tables_20260726/reference_parameter_detail.csv,validated parameter-level reference,,
Zhang2021,ZHANG2021_covid_nyc_Hsum_Dsum,beta,global,paper,results/manuscript_tables_20260726/reference_parameter_detail.csv,validated parameter-level reference,,
Zhang2021,ZHANG2021_covid_nyc_Hsum_Dsum,p,global,paper,results/manuscript_tables_20260726/reference_parameter_detail.csv,validated parameter-level reference,,
Zhang2021,ZHANG2021_covid_nyc_Hsum_Dsum,q,global,paper,results/manuscript_tables_20260726/reference_parameter_detail.csv,validated parameter-level reference,,
Zhang2021,ZHANG2021_covid_nyc_Hsum_Dsum,eps,global,paper,results/manuscript_tables_20260726/reference_parameter_detail.csv,validated parameter-level reference,,
Zhang2021,ZHANG2021_covid_nyc_Hsum_Dsum,delta,global,paper,results/manuscript_tables_20260726/reference_parameter_detail.csv,validated parameter-level reference,,
Zhang2021,ZHANG2021_covid_nyc_Hsum_only,beta,global,paper,results/manuscript_tables_20260726/reference_parameter_detail.csv,validated parameter-level reference,,
Zhang2021,ZHANG2021_covid_nyc_Hsum_only,p,global,paper,results/manuscript_tables_20260726/reference_parameter_detail.csv,validated parameter-level reference,,
Zhang2021,ZHANG2021_covid_nyc_Hsum_only,q,non-identifiable,paper,results/manuscript_tables_20260726/reference_parameter_detail.csv,validated parameter-level reference,,
Zhang2021,ZHANG2021_covid_nyc_Hsum_only,eps,global,paper,results/manuscript_tables_20260726/reference_parameter_detail.csv,validated parameter-level reference,,
Zhang2021,ZHANG2021_covid_nyc_Hsum_only,delta,global,paper,results/manuscript_tables_20260726/reference_parameter_detail.csv,validated parameter-level reference,,
Zhang2021,ZHANG2021_covid_nyc_Isum_Dsum,beta,global,paper,results/manuscript_tables_20260726/reference_parameter_detail.csv,validated parameter-level reference,,
Zhang2021,ZHANG2021_covid_nyc_Isum_Dsum,p,non-identifiable,paper,results/manuscript_tables_20260726/reference_parameter_detail.csv,validated parameter-level reference,,
Zhang2021,ZHANG2021_covid_nyc_Isum_Dsum,q,non-identifiable,paper,results/manuscript_tables_20260726/reference_parameter_detail.csv,validated parameter-level reference,,
Zhang2021,ZHANG2021_covid_nyc_Isum_Dsum,eps,global,paper,results/manuscript_tables_20260726/reference_parameter_detail.csv,validated parameter-level reference,,
Zhang2021,ZHANG2021_covid_nyc_Isum_Dsum,delta,global,paper,results/manuscript_tables_20260726/reference_parameter_detail.csv,validated parameter-level reference,,
Zhang2021,ZHANG2021_covid_nyc_Isum_Hsum,beta,global,paper,results/manuscript_tables_20260726/reference_parameter_detail.csv,validated parameter-level reference,,
Zhang2021,ZHANG2021_covid_nyc_Isum_Hsum,p,global,paper,results/manuscript_tables_20260726/reference_parameter_detail.csv,validated parameter-level reference,,
Zhang2021,ZHANG2021_covid_nyc_Isum_Hsum,q,non-identifiable,paper,results/manuscript_tables_20260726/reference_parameter_detail.csv,validated parameter-level reference,,
Zhang2021,ZHANG2021_covid_nyc_Isum_Hsum,eps,global,paper,results/manuscript_tables_20260726/reference_parameter_detail.csv,validated parameter-level reference,,
Zhang2021,ZHANG2021_covid_nyc_Isum_Hsum,delta,global,paper,results/manuscript_tables_20260726/reference_parameter_detail.csv,validated parameter-level reference,,
Zhang2021,ZHANG2021_covid_nyc_Isum_Hsum_Dsum,beta,global,paper,results/manuscript_tables_20260726/reference_parameter_detail.csv,validated parameter-level reference,,
Zhang2021,ZHANG2021_covid_nyc_Isum_Hsum_Dsum,p,global,paper,results/manuscript_tables_20260726/reference_parameter_detail.csv,validated parameter-level reference,,
Zhang2021,ZHANG2021_covid_nyc_Isum_Hsum_Dsum,q,global,paper,results/manuscript_tables_20260726/reference_parameter_detail.csv,validated parameter-level reference,,
Zhang2021,ZHANG2021_covid_nyc_Isum_Hsum_Dsum,eps,global,paper,results/manuscript_tables_20260726/reference_parameter_detail.csv,validated parameter-level reference,,
Zhang2021,ZHANG2021_covid_nyc_Isum_Hsum_Dsum,delta,global,paper,results/manuscript_tables_20260726/reference_parameter_detail.csv,validated parameter-level reference,,
Zhang2021,ZHANG2021_covid_nyc_Isum_only,beta,global,paper,results/manuscript_tables_20260726/reference_parameter_detail.csv,validated parameter-level reference,,
Zhang2021,ZHANG2021_covid_nyc_Isum_only,p,non-identifiable,paper,results/manuscript_tables_20260726/reference_parameter_detail.csv,validated parameter-level reference,,
Zhang2021,ZHANG2021_covid_nyc_Isum_only,q,non-identifiable,paper,results/manuscript_tables_20260726/reference_parameter_detail.csv,validated parameter-level reference,,
Zhang2021,ZHANG2021_covid_nyc_Isum_only,eps,global,paper,results/manuscript_tables_20260726/reference_parameter_detail.csv,validated parameter-level reference,,
Zhang2021,ZHANG2021_covid_nyc_Isum_only,delta,global,paper,results/manuscript_tables_20260726/reference_parameter_detail.csv,validated parameter-level reference,,
