original_file,anonymized_file,category,original_name,anonymized_name
BERGSTROM2026/BERGSTROM2026_sir_prior_immunity_underreporting.txt,BERGSTROM2026/BERGSTROM2026_sir_prior_immunity_underreporting_anonymized.txt,state,S,x1
BERGSTROM2026/BERGSTROM2026_sir_prior_immunity_underreporting.txt,BERGSTROM2026/BERGSTROM2026_sir_prior_immunity_underreporting_anonymized.txt,state,Ir,x2
BERGSTROM2026/BERGSTROM2026_sir_prior_immunity_underreporting.txt,BERGSTROM2026/BERGSTROM2026_sir_prior_immunity_underreporting_anonymized.txt,state,Iu,x3
BERGSTROM2026/BERGSTROM2026_sir_prior_immunity_underreporting.txt,BERGSTROM2026/BERGSTROM2026_sir_prior_immunity_underreporting_anonymized.txt,state,Rr,x4
BERGSTROM2026/BERGSTROM2026_sir_prior_immunity_underreporting.txt,BERGSTROM2026/BERGSTROM2026_sir_prior_immunity_underreporting_anonymized.txt,state,Ru,x5
BERGSTROM2026/BERGSTROM2026_sir_prior_immunity_underreporting.txt,BERGSTROM2026/BERGSTROM2026_sir_prior_immunity_underreporting_anonymized.txt,unknown_parameter,beta_r,p1
BERGSTROM2026/BERGSTROM2026_sir_prior_immunity_underreporting.txt,BERGSTROM2026/BERGSTROM2026_sir_prior_immunity_underreporting_anonymized.txt,unknown_parameter,beta_u,p2
BERGSTROM2026/BERGSTROM2026_sir_prior_immunity_underreporting.txt,BERGSTROM2026/BERGSTROM2026_sir_prior_immunity_underreporting_anonymized.txt,unknown_parameter,p,p3
BERGSTROM2026/BERGSTROM2026_sir_prior_immunity_underreporting.txt,BERGSTROM2026/BERGSTROM2026_sir_prior_immunity_underreporting_anonymized.txt,unknown_parameter,pi,p4
BERGSTROM2026/BERGSTROM2026_sir_prior_immunity_underreporting.txt,BERGSTROM2026/BERGSTROM2026_sir_prior_immunity_underreporting_anonymized.txt,unknown_parameter,i0,p5
BERGSTROM2026/BERGSTROM2026_sir_prior_immunity_underreporting.txt,BERGSTROM2026/BERGSTROM2026_sir_prior_immunity_underreporting_anonymized.txt,known_input_or_constant,gamma,c1
BERGSTROM2026/BERGSTROM2026_sir_prior_immunity_underreporting.txt,BERGSTROM2026/BERGSTROM2026_sir_prior_immunity_underreporting_anonymized.txt,known_input_or_constant,n,c2
DANKWA2022/DANKWA2022_hv_s1_host_incidence_known_initial.txt,DANKWA2022/DANKWA2022_hv_s1_host_incidence_known_initial_anonymized.txt,state,Sh,x1
DANKWA2022/DANKWA2022_hv_s1_host_incidence_known_initial.txt,DANKWA2022/DANKWA2022_hv_s1_host_incidence_known_initial_anonymized.txt,state,Lh,x2
DANKWA2022/DANKWA2022_hv_s1_host_incidence_known_initial.txt,DANKWA2022/DANKWA2022_hv_s1_host_incidence_known_initial_anonymized.txt,state,Ih,x3
DANKWA2022/DANKWA2022_hv_s1_host_incidence_known_initial.txt,DANKWA2022/DANKWA2022_hv_s1_host_incidence_known_initial_anonymized.txt,state,Rh,x4
DANKWA2022/DANKWA2022_hv_s1_host_incidence_known_initial.txt,DANKWA2022/DANKWA2022_hv_s1_host_incidence_known_initial_anonymized.txt,state,Sv,x5
DANKWA2022/DANKWA2022_hv_s1_host_incidence_known_initial.txt,DANKWA2022/DANKWA2022_hv_s1_host_incidence_known_initial_anonymized.txt,state,Lv,x6
DANKWA2022/DANKWA2022_hv_s1_host_incidence_known_initial.txt,DANKWA2022/DANKWA2022_hv_s1_host_incidence_known_initial_anonymized.txt,state,Iv,x7
DANKWA2022/DANKWA2022_hv_s1_host_incidence_known_initial.txt,DANKWA2022/DANKWA2022_hv_s1_host_incidence_known_initial_anonymized.txt,unknown_parameter,ah,p1
DANKWA2022/DANKWA2022_hv_s1_host_incidence_known_initial.txt,DANKWA2022/DANKWA2022_hv_s1_host_incidence_known_initial_anonymized.txt,unknown_parameter,av,p2
DANKWA2022/DANKWA2022_hv_s1_host_incidence_known_initial.txt,DANKWA2022/DANKWA2022_hv_s1_host_incidence_known_initial_anonymized.txt,unknown_parameter,bh,p3
DANKWA2022/DANKWA2022_hv_s1_host_incidence_known_initial.txt,DANKWA2022/DANKWA2022_hv_s1_host_incidence_known_initial_anonymized.txt,unknown_parameter,bv,p4
DANKWA2022/DANKWA2022_hv_s1_host_incidence_known_initial.txt,DANKWA2022/DANKWA2022_hv_s1_host_incidence_known_initial_anonymized.txt,unknown_parameter,gh,p5
DANKWA2022/DANKWA2022_hv_s1_host_incidence_known_initial.txt,DANKWA2022/DANKWA2022_hv_s1_host_incidence_known_initial_anonymized.txt,unknown_parameter,mh,p6
DANKWA2022/DANKWA2022_hv_s1_host_incidence_known_initial.txt,DANKWA2022/DANKWA2022_hv_s1_host_incidence_known_initial_anonymized.txt,unknown_parameter,mv,p7
DANKWA2022/DANKWA2022_hv_s1_host_incidence_unknown_initial.txt,DANKWA2022/DANKWA2022_hv_s1_host_incidence_unknown_initial_anonymized.txt,state,Sh,x1
DANKWA2022/DANKWA2022_hv_s1_host_incidence_unknown_initial.txt,DANKWA2022/DANKWA2022_hv_s1_host_incidence_unknown_initial_anonymized.txt,state,Lh,x2
DANKWA2022/DANKWA2022_hv_s1_host_incidence_unknown_initial.txt,DANKWA2022/DANKWA2022_hv_s1_host_incidence_unknown_initial_anonymized.txt,state,Ih,x3
DANKWA2022/DANKWA2022_hv_s1_host_incidence_unknown_initial.txt,DANKWA2022/DANKWA2022_hv_s1_host_incidence_unknown_initial_anonymized.txt,state,Rh,x4
DANKWA2022/DANKWA2022_hv_s1_host_incidence_unknown_initial.txt,DANKWA2022/DANKWA2022_hv_s1_host_incidence_unknown_initial_anonymized.txt,state,Sv,x5
DANKWA2022/DANKWA2022_hv_s1_host_incidence_unknown_initial.txt,DANKWA2022/DANKWA2022_hv_s1_host_incidence_unknown_initial_anonymized.txt,state,Lv,x6
DANKWA2022/DANKWA2022_hv_s1_host_incidence_unknown_initial.txt,DANKWA2022/DANKWA2022_hv_s1_host_incidence_unknown_initial_anonymized.txt,state,Iv,x7
DANKWA2022/DANKWA2022_hv_s1_host_incidence_unknown_initial.txt,DANKWA2022/DANKWA2022_hv_s1_host_incidence_unknown_initial_anonymized.txt,unknown_parameter,ah,p1
DANKWA2022/DANKWA2022_hv_s1_host_incidence_unknown_initial.txt,DANKWA2022/DANKWA2022_hv_s1_host_incidence_unknown_initial_anonymized.txt,unknown_parameter,av,p2
DANKWA2022/DANKWA2022_hv_s1_host_incidence_unknown_initial.txt,DANKWA2022/DANKWA2022_hv_s1_host_incidence_unknown_initial_anonymized.txt,unknown_parameter,bh,p3
DANKWA2022/DANKWA2022_hv_s1_host_incidence_unknown_initial.txt,DANKWA2022/DANKWA2022_hv_s1_host_incidence_unknown_initial_anonymized.txt,unknown_parameter,bv,p4
DANKWA2022/DANKWA2022_hv_s1_host_incidence_unknown_initial.txt,DANKWA2022/DANKWA2022_hv_s1_host_incidence_unknown_initial_anonymized.txt,unknown_parameter,gh,p5
DANKWA2022/DANKWA2022_hv_s1_host_incidence_unknown_initial.txt,DANKWA2022/DANKWA2022_hv_s1_host_incidence_unknown_initial_anonymized.txt,unknown_parameter,mh,p6
DANKWA2022/DANKWA2022_hv_s1_host_incidence_unknown_initial.txt,DANKWA2022/DANKWA2022_hv_s1_host_incidence_unknown_initial_anonymized.txt,unknown_parameter,mv,p7
DANKWA2022/DANKWA2022_hv_s1_host_prevalence_known_initial.txt,DANKWA2022/DANKWA2022_hv_s1_host_prevalence_known_initial_anonymized.txt,state,Sh,x1
DANKWA2022/DANKWA2022_hv_s1_host_prevalence_known_initial.txt,DANKWA2022/DANKWA2022_hv_s1_host_prevalence_known_initial_anonymized.txt,state,Lh,x2
DANKWA2022/DANKWA2022_hv_s1_host_prevalence_known_initial.txt,DANKWA2022/DANKWA2022_hv_s1_host_prevalence_known_initial_anonymized.txt,state,Ih,x3
DANKWA2022/DANKWA2022_hv_s1_host_prevalence_known_initial.txt,DANKWA2022/DANKWA2022_hv_s1_host_prevalence_known_initial_anonymized.txt,state,Rh,x4
DANKWA2022/DANKWA2022_hv_s1_host_prevalence_known_initial.txt,DANKWA2022/DANKWA2022_hv_s1_host_prevalence_known_initial_anonymized.txt,state,Sv,x5
DANKWA2022/DANKWA2022_hv_s1_host_prevalence_known_initial.txt,DANKWA2022/DANKWA2022_hv_s1_host_prevalence_known_initial_anonymized.txt,state,Lv,x6
DANKWA2022/DANKWA2022_hv_s1_host_prevalence_known_initial.txt,DANKWA2022/DANKWA2022_hv_s1_host_prevalence_known_initial_anonymized.txt,state,Iv,x7
DANKWA2022/DANKWA2022_hv_s1_host_prevalence_known_initial.txt,DANKWA2022/DANKWA2022_hv_s1_host_prevalence_known_initial_anonymized.txt,unknown_parameter,ah,p1
DANKWA2022/DANKWA2022_hv_s1_host_prevalence_known_initial.txt,DANKWA2022/DANKWA2022_hv_s1_host_prevalence_known_initial_anonymized.txt,unknown_parameter,av,p2
DANKWA2022/DANKWA2022_hv_s1_host_prevalence_known_initial.txt,DANKWA2022/DANKWA2022_hv_s1_host_prevalence_known_initial_anonymized.txt,unknown_parameter,bh,p3
DANKWA2022/DANKWA2022_hv_s1_host_prevalence_known_initial.txt,DANKWA2022/DANKWA2022_hv_s1_host_prevalence_known_initial_anonymized.txt,unknown_parameter,bv,p4
DANKWA2022/DANKWA2022_hv_s1_host_prevalence_known_initial.txt,DANKWA2022/DANKWA2022_hv_s1_host_prevalence_known_initial_anonymized.txt,unknown_parameter,gh,p5
DANKWA2022/DANKWA2022_hv_s1_host_prevalence_known_initial.txt,DANKWA2022/DANKWA2022_hv_s1_host_prevalence_known_initial_anonymized.txt,unknown_parameter,mh,p6
DANKWA2022/DANKWA2022_hv_s1_host_prevalence_known_initial.txt,DANKWA2022/DANKWA2022_hv_s1_host_prevalence_known_initial_anonymized.txt,unknown_parameter,mv,p7
DANKWA2022/DANKWA2022_hv_s1_host_prevalence_unknown_initial.txt,DANKWA2022/DANKWA2022_hv_s1_host_prevalence_unknown_initial_anonymized.txt,state,Sh,x1
DANKWA2022/DANKWA2022_hv_s1_host_prevalence_unknown_initial.txt,DANKWA2022/DANKWA2022_hv_s1_host_prevalence_unknown_initial_anonymized.txt,state,Lh,x2
DANKWA2022/DANKWA2022_hv_s1_host_prevalence_unknown_initial.txt,DANKWA2022/DANKWA2022_hv_s1_host_prevalence_unknown_initial_anonymized.txt,state,Ih,x3
DANKWA2022/DANKWA2022_hv_s1_host_prevalence_unknown_initial.txt,DANKWA2022/DANKWA2022_hv_s1_host_prevalence_unknown_initial_anonymized.txt,state,Rh,x4
DANKWA2022/DANKWA2022_hv_s1_host_prevalence_unknown_initial.txt,DANKWA2022/DANKWA2022_hv_s1_host_prevalence_unknown_initial_anonymized.txt,state,Sv,x5
DANKWA2022/DANKWA2022_hv_s1_host_prevalence_unknown_initial.txt,DANKWA2022/DANKWA2022_hv_s1_host_prevalence_unknown_initial_anonymized.txt,state,Lv,x6
DANKWA2022/DANKWA2022_hv_s1_host_prevalence_unknown_initial.txt,DANKWA2022/DANKWA2022_hv_s1_host_prevalence_unknown_initial_anonymized.txt,state,Iv,x7
DANKWA2022/DANKWA2022_hv_s1_host_prevalence_unknown_initial.txt,DANKWA2022/DANKWA2022_hv_s1_host_prevalence_unknown_initial_anonymized.txt,unknown_parameter,ah,p1
DANKWA2022/DANKWA2022_hv_s1_host_prevalence_unknown_initial.txt,DANKWA2022/DANKWA2022_hv_s1_host_prevalence_unknown_initial_anonymized.txt,unknown_parameter,av,p2
DANKWA2022/DANKWA2022_hv_s1_host_prevalence_unknown_initial.txt,DANKWA2022/DANKWA2022_hv_s1_host_prevalence_unknown_initial_anonymized.txt,unknown_parameter,bh,p3
DANKWA2022/DANKWA2022_hv_s1_host_prevalence_unknown_initial.txt,DANKWA2022/DANKWA2022_hv_s1_host_prevalence_unknown_initial_anonymized.txt,unknown_parameter,bv,p4
DANKWA2022/DANKWA2022_hv_s1_host_prevalence_unknown_initial.txt,DANKWA2022/DANKWA2022_hv_s1_host_prevalence_unknown_initial_anonymized.txt,unknown_parameter,gh,p5
DANKWA2022/DANKWA2022_hv_s1_host_prevalence_unknown_initial.txt,DANKWA2022/DANKWA2022_hv_s1_host_prevalence_unknown_initial_anonymized.txt,unknown_parameter,mh,p6
DANKWA2022/DANKWA2022_hv_s1_host_prevalence_unknown_initial.txt,DANKWA2022/DANKWA2022_hv_s1_host_prevalence_unknown_initial_anonymized.txt,unknown_parameter,mv,p7
DANKWA2022/DANKWA2022_hv_s2_host_incidence_known_nh_known_initial.txt,DANKWA2022/DANKWA2022_hv_s2_host_incidence_known_nh_known_initial_anonymized.txt,state,Sh,x1
DANKWA2022/DANKWA2022_hv_s2_host_incidence_known_nh_known_initial.txt,DANKWA2022/DANKWA2022_hv_s2_host_incidence_known_nh_known_initial_anonymized.txt,state,Lh,x2
DANKWA2022/DANKWA2022_hv_s2_host_incidence_known_nh_known_initial.txt,DANKWA2022/DANKWA2022_hv_s2_host_incidence_known_nh_known_initial_anonymized.txt,state,Ih,x3
DANKWA2022/DANKWA2022_hv_s2_host_incidence_known_nh_known_initial.txt,DANKWA2022/DANKWA2022_hv_s2_host_incidence_known_nh_known_initial_anonymized.txt,state,Rh,x4
DANKWA2022/DANKWA2022_hv_s2_host_incidence_known_nh_known_initial.txt,DANKWA2022/DANKWA2022_hv_s2_host_incidence_known_nh_known_initial_anonymized.txt,state,Sv,x5
DANKWA2022/DANKWA2022_hv_s2_host_incidence_known_nh_known_initial.txt,DANKWA2022/DANKWA2022_hv_s2_host_incidence_known_nh_known_initial_anonymized.txt,state,Lv,x6
DANKWA2022/DANKWA2022_hv_s2_host_incidence_known_nh_known_initial.txt,DANKWA2022/DANKWA2022_hv_s2_host_incidence_known_nh_known_initial_anonymized.txt,state,Iv,x7
DANKWA2022/DANKWA2022_hv_s2_host_incidence_known_nh_known_initial.txt,DANKWA2022/DANKWA2022_hv_s2_host_incidence_known_nh_known_initial_anonymized.txt,unknown_parameter,bh,p1
DANKWA2022/DANKWA2022_hv_s2_host_incidence_known_nh_known_initial.txt,DANKWA2022/DANKWA2022_hv_s2_host_incidence_known_nh_known_initial_anonymized.txt,unknown_parameter,bv,p2
DANKWA2022/DANKWA2022_hv_s2_host_incidence_known_nh_known_initial.txt,DANKWA2022/DANKWA2022_hv_s2_host_incidence_known_nh_known_initial_anonymized.txt,unknown_parameter,mh,p3
DANKWA2022/DANKWA2022_hv_s2_host_incidence_known_nh_known_initial.txt,DANKWA2022/DANKWA2022_hv_s2_host_incidence_known_nh_known_initial_anonymized.txt,unknown_parameter,mv,p4
DANKWA2022/DANKWA2022_hv_s2_host_incidence_known_nh_known_initial.txt,DANKWA2022/DANKWA2022_hv_s2_host_incidence_known_nh_known_initial_anonymized.txt,known_input_or_constant,ah,c1
DANKWA2022/DANKWA2022_hv_s2_host_incidence_known_nh_known_initial.txt,DANKWA2022/DANKWA2022_hv_s2_host_incidence_known_nh_known_initial_anonymized.txt,known_input_or_constant,av,c2
DANKWA2022/DANKWA2022_hv_s2_host_incidence_known_nh_known_initial.txt,DANKWA2022/DANKWA2022_hv_s2_host_incidence_known_nh_known_initial_anonymized.txt,known_input_or_constant,gh,c3
DANKWA2022/DANKWA2022_hv_s2_host_incidence_known_nh_unknown_initial.txt,DANKWA2022/DANKWA2022_hv_s2_host_incidence_known_nh_unknown_initial_anonymized.txt,state,Sh,x1
DANKWA2022/DANKWA2022_hv_s2_host_incidence_known_nh_unknown_initial.txt,DANKWA2022/DANKWA2022_hv_s2_host_incidence_known_nh_unknown_initial_anonymized.txt,state,Lh,x2
DANKWA2022/DANKWA2022_hv_s2_host_incidence_known_nh_unknown_initial.txt,DANKWA2022/DANKWA2022_hv_s2_host_incidence_known_nh_unknown_initial_anonymized.txt,state,Ih,x3
DANKWA2022/DANKWA2022_hv_s2_host_incidence_known_nh_unknown_initial.txt,DANKWA2022/DANKWA2022_hv_s2_host_incidence_known_nh_unknown_initial_anonymized.txt,state,Rh,x4
DANKWA2022/DANKWA2022_hv_s2_host_incidence_known_nh_unknown_initial.txt,DANKWA2022/DANKWA2022_hv_s2_host_incidence_known_nh_unknown_initial_anonymized.txt,state,Sv,x5
DANKWA2022/DANKWA2022_hv_s2_host_incidence_known_nh_unknown_initial.txt,DANKWA2022/DANKWA2022_hv_s2_host_incidence_known_nh_unknown_initial_anonymized.txt,state,Lv,x6
DANKWA2022/DANKWA2022_hv_s2_host_incidence_known_nh_unknown_initial.txt,DANKWA2022/DANKWA2022_hv_s2_host_incidence_known_nh_unknown_initial_anonymized.txt,state,Iv,x7
DANKWA2022/DANKWA2022_hv_s2_host_incidence_known_nh_unknown_initial.txt,DANKWA2022/DANKWA2022_hv_s2_host_incidence_known_nh_unknown_initial_anonymized.txt,unknown_parameter,bh,p1
DANKWA2022/DANKWA2022_hv_s2_host_incidence_known_nh_unknown_initial.txt,DANKWA2022/DANKWA2022_hv_s2_host_incidence_known_nh_unknown_initial_anonymized.txt,unknown_parameter,bv,p2
DANKWA2022/DANKWA2022_hv_s2_host_incidence_known_nh_unknown_initial.txt,DANKWA2022/DANKWA2022_hv_s2_host_incidence_known_nh_unknown_initial_anonymized.txt,unknown_parameter,mh,p3
DANKWA2022/DANKWA2022_hv_s2_host_incidence_known_nh_unknown_initial.txt,DANKWA2022/DANKWA2022_hv_s2_host_incidence_known_nh_unknown_initial_anonymized.txt,unknown_parameter,mv,p4
DANKWA2022/DANKWA2022_hv_s2_host_incidence_known_nh_unknown_initial.txt,DANKWA2022/DANKWA2022_hv_s2_host_incidence_known_nh_unknown_initial_anonymized.txt,known_input_or_constant,ah,c1
DANKWA2022/DANKWA2022_hv_s2_host_incidence_known_nh_unknown_initial.txt,DANKWA2022/DANKWA2022_hv_s2_host_incidence_known_nh_unknown_initial_anonymized.txt,known_input_or_constant,av,c2
DANKWA2022/DANKWA2022_hv_s2_host_incidence_known_nh_unknown_initial.txt,DANKWA2022/DANKWA2022_hv_s2_host_incidence_known_nh_unknown_initial_anonymized.txt,known_input_or_constant,gh,c3
DANKWA2022/DANKWA2022_hv_s2_host_prevalence_known_nh_known_initial.txt,DANKWA2022/DANKWA2022_hv_s2_host_prevalence_known_nh_known_initial_anonymized.txt,state,Sh,x1
DANKWA2022/DANKWA2022_hv_s2_host_prevalence_known_nh_known_initial.txt,DANKWA2022/DANKWA2022_hv_s2_host_prevalence_known_nh_known_initial_anonymized.txt,state,Lh,x2
DANKWA2022/DANKWA2022_hv_s2_host_prevalence_known_nh_known_initial.txt,DANKWA2022/DANKWA2022_hv_s2_host_prevalence_known_nh_known_initial_anonymized.txt,state,Ih,x3
DANKWA2022/DANKWA2022_hv_s2_host_prevalence_known_nh_known_initial.txt,DANKWA2022/DANKWA2022_hv_s2_host_prevalence_known_nh_known_initial_anonymized.txt,state,Rh,x4
DANKWA2022/DANKWA2022_hv_s2_host_prevalence_known_nh_known_initial.txt,DANKWA2022/DANKWA2022_hv_s2_host_prevalence_known_nh_known_initial_anonymized.txt,state,Sv,x5
DANKWA2022/DANKWA2022_hv_s2_host_prevalence_known_nh_known_initial.txt,DANKWA2022/DANKWA2022_hv_s2_host_prevalence_known_nh_known_initial_anonymized.txt,state,Lv,x6
DANKWA2022/DANKWA2022_hv_s2_host_prevalence_known_nh_known_initial.txt,DANKWA2022/DANKWA2022_hv_s2_host_prevalence_known_nh_known_initial_anonymized.txt,state,Iv,x7
DANKWA2022/DANKWA2022_hv_s2_host_prevalence_known_nh_known_initial.txt,DANKWA2022/DANKWA2022_hv_s2_host_prevalence_known_nh_known_initial_anonymized.txt,unknown_parameter,bh,p1
DANKWA2022/DANKWA2022_hv_s2_host_prevalence_known_nh_known_initial.txt,DANKWA2022/DANKWA2022_hv_s2_host_prevalence_known_nh_known_initial_anonymized.txt,unknown_parameter,bv,p2
DANKWA2022/DANKWA2022_hv_s2_host_prevalence_known_nh_known_initial.txt,DANKWA2022/DANKWA2022_hv_s2_host_prevalence_known_nh_known_initial_anonymized.txt,unknown_parameter,mh,p3
DANKWA2022/DANKWA2022_hv_s2_host_prevalence_known_nh_known_initial.txt,DANKWA2022/DANKWA2022_hv_s2_host_prevalence_known_nh_known_initial_anonymized.txt,unknown_parameter,mv,p4
DANKWA2022/DANKWA2022_hv_s2_host_prevalence_known_nh_known_initial.txt,DANKWA2022/DANKWA2022_hv_s2_host_prevalence_known_nh_known_initial_anonymized.txt,known_input_or_constant,ah,c1
DANKWA2022/DANKWA2022_hv_s2_host_prevalence_known_nh_known_initial.txt,DANKWA2022/DANKWA2022_hv_s2_host_prevalence_known_nh_known_initial_anonymized.txt,known_input_or_constant,av,c2
DANKWA2022/DANKWA2022_hv_s2_host_prevalence_known_nh_known_initial.txt,DANKWA2022/DANKWA2022_hv_s2_host_prevalence_known_nh_known_initial_anonymized.txt,known_input_or_constant,gh,c3
DANKWA2022/DANKWA2022_hv_s2_host_prevalence_known_nh_unknown_initial.txt,DANKWA2022/DANKWA2022_hv_s2_host_prevalence_known_nh_unknown_initial_anonymized.txt,state,Sh,x1
DANKWA2022/DANKWA2022_hv_s2_host_prevalence_known_nh_unknown_initial.txt,DANKWA2022/DANKWA2022_hv_s2_host_prevalence_known_nh_unknown_initial_anonymized.txt,state,Lh,x2
DANKWA2022/DANKWA2022_hv_s2_host_prevalence_known_nh_unknown_initial.txt,DANKWA2022/DANKWA2022_hv_s2_host_prevalence_known_nh_unknown_initial_anonymized.txt,state,Ih,x3
DANKWA2022/DANKWA2022_hv_s2_host_prevalence_known_nh_unknown_initial.txt,DANKWA2022/DANKWA2022_hv_s2_host_prevalence_known_nh_unknown_initial_anonymized.txt,state,Rh,x4
DANKWA2022/DANKWA2022_hv_s2_host_prevalence_known_nh_unknown_initial.txt,DANKWA2022/DANKWA2022_hv_s2_host_prevalence_known_nh_unknown_initial_anonymized.txt,state,Sv,x5
DANKWA2022/DANKWA2022_hv_s2_host_prevalence_known_nh_unknown_initial.txt,DANKWA2022/DANKWA2022_hv_s2_host_prevalence_known_nh_unknown_initial_anonymized.txt,state,Lv,x6
DANKWA2022/DANKWA2022_hv_s2_host_prevalence_known_nh_unknown_initial.txt,DANKWA2022/DANKWA2022_hv_s2_host_prevalence_known_nh_unknown_initial_anonymized.txt,state,Iv,x7
DANKWA2022/DANKWA2022_hv_s2_host_prevalence_known_nh_unknown_initial.txt,DANKWA2022/DANKWA2022_hv_s2_host_prevalence_known_nh_unknown_initial_anonymized.txt,unknown_parameter,bh,p1
DANKWA2022/DANKWA2022_hv_s2_host_prevalence_known_nh_unknown_initial.txt,DANKWA2022/DANKWA2022_hv_s2_host_prevalence_known_nh_unknown_initial_anonymized.txt,unknown_parameter,bv,p2
DANKWA2022/DANKWA2022_hv_s2_host_prevalence_known_nh_unknown_initial.txt,DANKWA2022/DANKWA2022_hv_s2_host_prevalence_known_nh_unknown_initial_anonymized.txt,unknown_parameter,mh,p3
DANKWA2022/DANKWA2022_hv_s2_host_prevalence_known_nh_unknown_initial.txt,DANKWA2022/DANKWA2022_hv_s2_host_prevalence_known_nh_unknown_initial_anonymized.txt,unknown_parameter,mv,p4
DANKWA2022/DANKWA2022_hv_s2_host_prevalence_known_nh_unknown_initial.txt,DANKWA2022/DANKWA2022_hv_s2_host_prevalence_known_nh_unknown_initial_anonymized.txt,known_input_or_constant,ah,c1
DANKWA2022/DANKWA2022_hv_s2_host_prevalence_known_nh_unknown_initial.txt,DANKWA2022/DANKWA2022_hv_s2_host_prevalence_known_nh_unknown_initial_anonymized.txt,known_input_or_constant,av,c2
DANKWA2022/DANKWA2022_hv_s2_host_prevalence_known_nh_unknown_initial.txt,DANKWA2022/DANKWA2022_hv_s2_host_prevalence_known_nh_unknown_initial_anonymized.txt,known_input_or_constant,gh,c3
DANKWA2022/DANKWA2022_hv_s3a_host_incidence_prevalence_known_initial.txt,DANKWA2022/DANKWA2022_hv_s3a_host_incidence_prevalence_known_initial_anonymized.txt,state,Sh,x1
DANKWA2022/DANKWA2022_hv_s3a_host_incidence_prevalence_known_initial.txt,DANKWA2022/DANKWA2022_hv_s3a_host_incidence_prevalence_known_initial_anonymized.txt,state,Lh,x2
DANKWA2022/DANKWA2022_hv_s3a_host_incidence_prevalence_known_initial.txt,DANKWA2022/DANKWA2022_hv_s3a_host_incidence_prevalence_known_initial_anonymized.txt,state,Ih,x3
DANKWA2022/DANKWA2022_hv_s3a_host_incidence_prevalence_known_initial.txt,DANKWA2022/DANKWA2022_hv_s3a_host_incidence_prevalence_known_initial_anonymized.txt,state,Rh,x4
DANKWA2022/DANKWA2022_hv_s3a_host_incidence_prevalence_known_initial.txt,DANKWA2022/DANKWA2022_hv_s3a_host_incidence_prevalence_known_initial_anonymized.txt,state,Sv,x5
DANKWA2022/DANKWA2022_hv_s3a_host_incidence_prevalence_known_initial.txt,DANKWA2022/DANKWA2022_hv_s3a_host_incidence_prevalence_known_initial_anonymized.txt,state,Lv,x6
DANKWA2022/DANKWA2022_hv_s3a_host_incidence_prevalence_known_initial.txt,DANKWA2022/DANKWA2022_hv_s3a_host_incidence_prevalence_known_initial_anonymized.txt,state,Iv,x7
DANKWA2022/DANKWA2022_hv_s3a_host_incidence_prevalence_known_initial.txt,DANKWA2022/DANKWA2022_hv_s3a_host_incidence_prevalence_known_initial_anonymized.txt,unknown_parameter,ah,p1
DANKWA2022/DANKWA2022_hv_s3a_host_incidence_prevalence_known_initial.txt,DANKWA2022/DANKWA2022_hv_s3a_host_incidence_prevalence_known_initial_anonymized.txt,unknown_parameter,av,p2
DANKWA2022/DANKWA2022_hv_s3a_host_incidence_prevalence_known_initial.txt,DANKWA2022/DANKWA2022_hv_s3a_host_incidence_prevalence_known_initial_anonymized.txt,unknown_parameter,bh,p3
DANKWA2022/DANKWA2022_hv_s3a_host_incidence_prevalence_known_initial.txt,DANKWA2022/DANKWA2022_hv_s3a_host_incidence_prevalence_known_initial_anonymized.txt,unknown_parameter,bv,p4
DANKWA2022/DANKWA2022_hv_s3a_host_incidence_prevalence_known_initial.txt,DANKWA2022/DANKWA2022_hv_s3a_host_incidence_prevalence_known_initial_anonymized.txt,unknown_parameter,gh,p5
DANKWA2022/DANKWA2022_hv_s3a_host_incidence_prevalence_known_initial.txt,DANKWA2022/DANKWA2022_hv_s3a_host_incidence_prevalence_known_initial_anonymized.txt,unknown_parameter,mh,p6
DANKWA2022/DANKWA2022_hv_s3a_host_incidence_prevalence_known_initial.txt,DANKWA2022/DANKWA2022_hv_s3a_host_incidence_prevalence_known_initial_anonymized.txt,unknown_parameter,mv,p7
DANKWA2022/DANKWA2022_hv_s3a_host_incidence_prevalence_unknown_initial.txt,DANKWA2022/DANKWA2022_hv_s3a_host_incidence_prevalence_unknown_initial_anonymized.txt,state,Sh,x1
DANKWA2022/DANKWA2022_hv_s3a_host_incidence_prevalence_unknown_initial.txt,DANKWA2022/DANKWA2022_hv_s3a_host_incidence_prevalence_unknown_initial_anonymized.txt,state,Lh,x2
DANKWA2022/DANKWA2022_hv_s3a_host_incidence_prevalence_unknown_initial.txt,DANKWA2022/DANKWA2022_hv_s3a_host_incidence_prevalence_unknown_initial_anonymized.txt,state,Ih,x3
DANKWA2022/DANKWA2022_hv_s3a_host_incidence_prevalence_unknown_initial.txt,DANKWA2022/DANKWA2022_hv_s3a_host_incidence_prevalence_unknown_initial_anonymized.txt,state,Rh,x4
DANKWA2022/DANKWA2022_hv_s3a_host_incidence_prevalence_unknown_initial.txt,DANKWA2022/DANKWA2022_hv_s3a_host_incidence_prevalence_unknown_initial_anonymized.txt,state,Sv,x5
DANKWA2022/DANKWA2022_hv_s3a_host_incidence_prevalence_unknown_initial.txt,DANKWA2022/DANKWA2022_hv_s3a_host_incidence_prevalence_unknown_initial_anonymized.txt,state,Lv,x6
DANKWA2022/DANKWA2022_hv_s3a_host_incidence_prevalence_unknown_initial.txt,DANKWA2022/DANKWA2022_hv_s3a_host_incidence_prevalence_unknown_initial_anonymized.txt,state,Iv,x7
DANKWA2022/DANKWA2022_hv_s3a_host_incidence_prevalence_unknown_initial.txt,DANKWA2022/DANKWA2022_hv_s3a_host_incidence_prevalence_unknown_initial_anonymized.txt,unknown_parameter,ah,p1
DANKWA2022/DANKWA2022_hv_s3a_host_incidence_prevalence_unknown_initial.txt,DANKWA2022/DANKWA2022_hv_s3a_host_incidence_prevalence_unknown_initial_anonymized.txt,unknown_parameter,av,p2
DANKWA2022/DANKWA2022_hv_s3a_host_incidence_prevalence_unknown_initial.txt,DANKWA2022/DANKWA2022_hv_s3a_host_incidence_prevalence_unknown_initial_anonymized.txt,unknown_parameter,bh,p3
DANKWA2022/DANKWA2022_hv_s3a_host_incidence_prevalence_unknown_initial.txt,DANKWA2022/DANKWA2022_hv_s3a_host_incidence_prevalence_unknown_initial_anonymized.txt,unknown_parameter,bv,p4
DANKWA2022/DANKWA2022_hv_s3a_host_incidence_prevalence_unknown_initial.txt,DANKWA2022/DANKWA2022_hv_s3a_host_incidence_prevalence_unknown_initial_anonymized.txt,unknown_parameter,gh,p5
DANKWA2022/DANKWA2022_hv_s3a_host_incidence_prevalence_unknown_initial.txt,DANKWA2022/DANKWA2022_hv_s3a_host_incidence_prevalence_unknown_initial_anonymized.txt,unknown_parameter,mh,p6
DANKWA2022/DANKWA2022_hv_s3a_host_incidence_prevalence_unknown_initial.txt,DANKWA2022/DANKWA2022_hv_s3a_host_incidence_prevalence_unknown_initial_anonymized.txt,unknown_parameter,mv,p7
DANKWA2022/DANKWA2022_hv_s3b_host_vector_data_known_initial.txt,DANKWA2022/DANKWA2022_hv_s3b_host_vector_data_known_initial_anonymized.txt,state,Sh,x1
DANKWA2022/DANKWA2022_hv_s3b_host_vector_data_known_initial.txt,DANKWA2022/DANKWA2022_hv_s3b_host_vector_data_known_initial_anonymized.txt,state,Lh,x2
DANKWA2022/DANKWA2022_hv_s3b_host_vector_data_known_initial.txt,DANKWA2022/DANKWA2022_hv_s3b_host_vector_data_known_initial_anonymized.txt,state,Ih,x3
DANKWA2022/DANKWA2022_hv_s3b_host_vector_data_known_initial.txt,DANKWA2022/DANKWA2022_hv_s3b_host_vector_data_known_initial_anonymized.txt,state,Rh,x4
DANKWA2022/DANKWA2022_hv_s3b_host_vector_data_known_initial.txt,DANKWA2022/DANKWA2022_hv_s3b_host_vector_data_known_initial_anonymized.txt,state,Sv,x5
DANKWA2022/DANKWA2022_hv_s3b_host_vector_data_known_initial.txt,DANKWA2022/DANKWA2022_hv_s3b_host_vector_data_known_initial_anonymized.txt,state,Lv,x6
DANKWA2022/DANKWA2022_hv_s3b_host_vector_data_known_initial.txt,DANKWA2022/DANKWA2022_hv_s3b_host_vector_data_known_initial_anonymized.txt,state,Iv,x7
DANKWA2022/DANKWA2022_hv_s3b_host_vector_data_known_initial.txt,DANKWA2022/DANKWA2022_hv_s3b_host_vector_data_known_initial_anonymized.txt,unknown_parameter,ah,p1
DANKWA2022/DANKWA2022_hv_s3b_host_vector_data_known_initial.txt,DANKWA2022/DANKWA2022_hv_s3b_host_vector_data_known_initial_anonymized.txt,unknown_parameter,av,p2
DANKWA2022/DANKWA2022_hv_s3b_host_vector_data_known_initial.txt,DANKWA2022/DANKWA2022_hv_s3b_host_vector_data_known_initial_anonymized.txt,unknown_parameter,bh,p3
DANKWA2022/DANKWA2022_hv_s3b_host_vector_data_known_initial.txt,DANKWA2022/DANKWA2022_hv_s3b_host_vector_data_known_initial_anonymized.txt,unknown_parameter,bv,p4
DANKWA2022/DANKWA2022_hv_s3b_host_vector_data_known_initial.txt,DANKWA2022/DANKWA2022_hv_s3b_host_vector_data_known_initial_anonymized.txt,unknown_parameter,gh,p5
DANKWA2022/DANKWA2022_hv_s3b_host_vector_data_known_initial.txt,DANKWA2022/DANKWA2022_hv_s3b_host_vector_data_known_initial_anonymized.txt,unknown_parameter,lv,p6
DANKWA2022/DANKWA2022_hv_s3b_host_vector_data_known_initial.txt,DANKWA2022/DANKWA2022_hv_s3b_host_vector_data_known_initial_anonymized.txt,unknown_parameter,mh,p7
DANKWA2022/DANKWA2022_hv_s3b_host_vector_data_known_initial.txt,DANKWA2022/DANKWA2022_hv_s3b_host_vector_data_known_initial_anonymized.txt,unknown_parameter,mv,p8
DANKWA2022/DANKWA2022_hv_s3b_host_vector_data_unknown_initial.txt,DANKWA2022/DANKWA2022_hv_s3b_host_vector_data_unknown_initial_anonymized.txt,state,Sh,x1
DANKWA2022/DANKWA2022_hv_s3b_host_vector_data_unknown_initial.txt,DANKWA2022/DANKWA2022_hv_s3b_host_vector_data_unknown_initial_anonymized.txt,state,Lh,x2
DANKWA2022/DANKWA2022_hv_s3b_host_vector_data_unknown_initial.txt,DANKWA2022/DANKWA2022_hv_s3b_host_vector_data_unknown_initial_anonymized.txt,state,Ih,x3
DANKWA2022/DANKWA2022_hv_s3b_host_vector_data_unknown_initial.txt,DANKWA2022/DANKWA2022_hv_s3b_host_vector_data_unknown_initial_anonymized.txt,state,Rh,x4
DANKWA2022/DANKWA2022_hv_s3b_host_vector_data_unknown_initial.txt,DANKWA2022/DANKWA2022_hv_s3b_host_vector_data_unknown_initial_anonymized.txt,state,Sv,x5
DANKWA2022/DANKWA2022_hv_s3b_host_vector_data_unknown_initial.txt,DANKWA2022/DANKWA2022_hv_s3b_host_vector_data_unknown_initial_anonymized.txt,state,Lv,x6
DANKWA2022/DANKWA2022_hv_s3b_host_vector_data_unknown_initial.txt,DANKWA2022/DANKWA2022_hv_s3b_host_vector_data_unknown_initial_anonymized.txt,state,Iv,x7
DANKWA2022/DANKWA2022_hv_s3b_host_vector_data_unknown_initial.txt,DANKWA2022/DANKWA2022_hv_s3b_host_vector_data_unknown_initial_anonymized.txt,unknown_parameter,ah,p1
DANKWA2022/DANKWA2022_hv_s3b_host_vector_data_unknown_initial.txt,DANKWA2022/DANKWA2022_hv_s3b_host_vector_data_unknown_initial_anonymized.txt,unknown_parameter,av,p2
DANKWA2022/DANKWA2022_hv_s3b_host_vector_data_unknown_initial.txt,DANKWA2022/DANKWA2022_hv_s3b_host_vector_data_unknown_initial_anonymized.txt,unknown_parameter,bh,p3
DANKWA2022/DANKWA2022_hv_s3b_host_vector_data_unknown_initial.txt,DANKWA2022/DANKWA2022_hv_s3b_host_vector_data_unknown_initial_anonymized.txt,unknown_parameter,bv,p4
DANKWA2022/DANKWA2022_hv_s3b_host_vector_data_unknown_initial.txt,DANKWA2022/DANKWA2022_hv_s3b_host_vector_data_unknown_initial_anonymized.txt,unknown_parameter,gh,p5
DANKWA2022/DANKWA2022_hv_s3b_host_vector_data_unknown_initial.txt,DANKWA2022/DANKWA2022_hv_s3b_host_vector_data_unknown_initial_anonymized.txt,unknown_parameter,lv,p6
DANKWA2022/DANKWA2022_hv_s3b_host_vector_data_unknown_initial.txt,DANKWA2022/DANKWA2022_hv_s3b_host_vector_data_unknown_initial_anonymized.txt,unknown_parameter,mh,p7
DANKWA2022/DANKWA2022_hv_s3b_host_vector_data_unknown_initial.txt,DANKWA2022/DANKWA2022_hv_s3b_host_vector_data_unknown_initial_anonymized.txt,unknown_parameter,mv,p8
DANKWA2022/DANKWA2022_hv_s4a_host_incidence_prevalence_known_nh_known_initial.txt,DANKWA2022/DANKWA2022_hv_s4a_host_incidence_prevalence_known_nh_known_initial_anonymized.txt,state,Sh,x1
DANKWA2022/DANKWA2022_hv_s4a_host_incidence_prevalence_known_nh_known_initial.txt,DANKWA2022/DANKWA2022_hv_s4a_host_incidence_prevalence_known_nh_known_initial_anonymized.txt,state,Lh,x2
DANKWA2022/DANKWA2022_hv_s4a_host_incidence_prevalence_known_nh_known_initial.txt,DANKWA2022/DANKWA2022_hv_s4a_host_incidence_prevalence_known_nh_known_initial_anonymized.txt,state,Ih,x3
DANKWA2022/DANKWA2022_hv_s4a_host_incidence_prevalence_known_nh_known_initial.txt,DANKWA2022/DANKWA2022_hv_s4a_host_incidence_prevalence_known_nh_known_initial_anonymized.txt,state,Rh,x4
DANKWA2022/DANKWA2022_hv_s4a_host_incidence_prevalence_known_nh_known_initial.txt,DANKWA2022/DANKWA2022_hv_s4a_host_incidence_prevalence_known_nh_known_initial_anonymized.txt,state,Sv,x5
DANKWA2022/DANKWA2022_hv_s4a_host_incidence_prevalence_known_nh_known_initial.txt,DANKWA2022/DANKWA2022_hv_s4a_host_incidence_prevalence_known_nh_known_initial_anonymized.txt,state,Lv,x6
DANKWA2022/DANKWA2022_hv_s4a_host_incidence_prevalence_known_nh_known_initial.txt,DANKWA2022/DANKWA2022_hv_s4a_host_incidence_prevalence_known_nh_known_initial_anonymized.txt,state,Iv,x7
DANKWA2022/DANKWA2022_hv_s4a_host_incidence_prevalence_known_nh_known_initial.txt,DANKWA2022/DANKWA2022_hv_s4a_host_incidence_prevalence_known_nh_known_initial_anonymized.txt,unknown_parameter,bh,p1
DANKWA2022/DANKWA2022_hv_s4a_host_incidence_prevalence_known_nh_known_initial.txt,DANKWA2022/DANKWA2022_hv_s4a_host_incidence_prevalence_known_nh_known_initial_anonymized.txt,unknown_parameter,bv,p2
DANKWA2022/DANKWA2022_hv_s4a_host_incidence_prevalence_known_nh_known_initial.txt,DANKWA2022/DANKWA2022_hv_s4a_host_incidence_prevalence_known_nh_known_initial_anonymized.txt,unknown_parameter,mh,p3
DANKWA2022/DANKWA2022_hv_s4a_host_incidence_prevalence_known_nh_known_initial.txt,DANKWA2022/DANKWA2022_hv_s4a_host_incidence_prevalence_known_nh_known_initial_anonymized.txt,unknown_parameter,mv,p4
DANKWA2022/DANKWA2022_hv_s4a_host_incidence_prevalence_known_nh_known_initial.txt,DANKWA2022/DANKWA2022_hv_s4a_host_incidence_prevalence_known_nh_known_initial_anonymized.txt,known_input_or_constant,ah,c1
DANKWA2022/DANKWA2022_hv_s4a_host_incidence_prevalence_known_nh_known_initial.txt,DANKWA2022/DANKWA2022_hv_s4a_host_incidence_prevalence_known_nh_known_initial_anonymized.txt,known_input_or_constant,av,c2
DANKWA2022/DANKWA2022_hv_s4a_host_incidence_prevalence_known_nh_known_initial.txt,DANKWA2022/DANKWA2022_hv_s4a_host_incidence_prevalence_known_nh_known_initial_anonymized.txt,known_input_or_constant,gh,c3
DANKWA2022/DANKWA2022_hv_s4a_host_incidence_prevalence_known_nh_unknown_initial.txt,DANKWA2022/DANKWA2022_hv_s4a_host_incidence_prevalence_known_nh_unknown_initial_anonymized.txt,state,Sh,x1
DANKWA2022/DANKWA2022_hv_s4a_host_incidence_prevalence_known_nh_unknown_initial.txt,DANKWA2022/DANKWA2022_hv_s4a_host_incidence_prevalence_known_nh_unknown_initial_anonymized.txt,state,Lh,x2
DANKWA2022/DANKWA2022_hv_s4a_host_incidence_prevalence_known_nh_unknown_initial.txt,DANKWA2022/DANKWA2022_hv_s4a_host_incidence_prevalence_known_nh_unknown_initial_anonymized.txt,state,Ih,x3
DANKWA2022/DANKWA2022_hv_s4a_host_incidence_prevalence_known_nh_unknown_initial.txt,DANKWA2022/DANKWA2022_hv_s4a_host_incidence_prevalence_known_nh_unknown_initial_anonymized.txt,state,Rh,x4
DANKWA2022/DANKWA2022_hv_s4a_host_incidence_prevalence_known_nh_unknown_initial.txt,DANKWA2022/DANKWA2022_hv_s4a_host_incidence_prevalence_known_nh_unknown_initial_anonymized.txt,state,Sv,x5
DANKWA2022/DANKWA2022_hv_s4a_host_incidence_prevalence_known_nh_unknown_initial.txt,DANKWA2022/DANKWA2022_hv_s4a_host_incidence_prevalence_known_nh_unknown_initial_anonymized.txt,state,Lv,x6
DANKWA2022/DANKWA2022_hv_s4a_host_incidence_prevalence_known_nh_unknown_initial.txt,DANKWA2022/DANKWA2022_hv_s4a_host_incidence_prevalence_known_nh_unknown_initial_anonymized.txt,state,Iv,x7
DANKWA2022/DANKWA2022_hv_s4a_host_incidence_prevalence_known_nh_unknown_initial.txt,DANKWA2022/DANKWA2022_hv_s4a_host_incidence_prevalence_known_nh_unknown_initial_anonymized.txt,unknown_parameter,bh,p1
DANKWA2022/DANKWA2022_hv_s4a_host_incidence_prevalence_known_nh_unknown_initial.txt,DANKWA2022/DANKWA2022_hv_s4a_host_incidence_prevalence_known_nh_unknown_initial_anonymized.txt,unknown_parameter,bv,p2
DANKWA2022/DANKWA2022_hv_s4a_host_incidence_prevalence_known_nh_unknown_initial.txt,DANKWA2022/DANKWA2022_hv_s4a_host_incidence_prevalence_known_nh_unknown_initial_anonymized.txt,unknown_parameter,mh,p3
DANKWA2022/DANKWA2022_hv_s4a_host_incidence_prevalence_known_nh_unknown_initial.txt,DANKWA2022/DANKWA2022_hv_s4a_host_incidence_prevalence_known_nh_unknown_initial_anonymized.txt,unknown_parameter,mv,p4
DANKWA2022/DANKWA2022_hv_s4a_host_incidence_prevalence_known_nh_unknown_initial.txt,DANKWA2022/DANKWA2022_hv_s4a_host_incidence_prevalence_known_nh_unknown_initial_anonymized.txt,known_input_or_constant,ah,c1
DANKWA2022/DANKWA2022_hv_s4a_host_incidence_prevalence_known_nh_unknown_initial.txt,DANKWA2022/DANKWA2022_hv_s4a_host_incidence_prevalence_known_nh_unknown_initial_anonymized.txt,known_input_or_constant,av,c2
DANKWA2022/DANKWA2022_hv_s4a_host_incidence_prevalence_known_nh_unknown_initial.txt,DANKWA2022/DANKWA2022_hv_s4a_host_incidence_prevalence_known_nh_unknown_initial_anonymized.txt,known_input_or_constant,gh,c3
DANKWA2022/DANKWA2022_hv_s4b_host_vector_data_known_nh_known_initial.txt,DANKWA2022/DANKWA2022_hv_s4b_host_vector_data_known_nh_known_initial_anonymized.txt,state,Sh,x1
DANKWA2022/DANKWA2022_hv_s4b_host_vector_data_known_nh_known_initial.txt,DANKWA2022/DANKWA2022_hv_s4b_host_vector_data_known_nh_known_initial_anonymized.txt,state,Lh,x2
DANKWA2022/DANKWA2022_hv_s4b_host_vector_data_known_nh_known_initial.txt,DANKWA2022/DANKWA2022_hv_s4b_host_vector_data_known_nh_known_initial_anonymized.txt,state,Ih,x3
DANKWA2022/DANKWA2022_hv_s4b_host_vector_data_known_nh_known_initial.txt,DANKWA2022/DANKWA2022_hv_s4b_host_vector_data_known_nh_known_initial_anonymized.txt,state,Rh,x4
DANKWA2022/DANKWA2022_hv_s4b_host_vector_data_known_nh_known_initial.txt,DANKWA2022/DANKWA2022_hv_s4b_host_vector_data_known_nh_known_initial_anonymized.txt,state,Sv,x5
DANKWA2022/DANKWA2022_hv_s4b_host_vector_data_known_nh_known_initial.txt,DANKWA2022/DANKWA2022_hv_s4b_host_vector_data_known_nh_known_initial_anonymized.txt,state,Lv,x6
DANKWA2022/DANKWA2022_hv_s4b_host_vector_data_known_nh_known_initial.txt,DANKWA2022/DANKWA2022_hv_s4b_host_vector_data_known_nh_known_initial_anonymized.txt,state,Iv,x7
DANKWA2022/DANKWA2022_hv_s4b_host_vector_data_known_nh_known_initial.txt,DANKWA2022/DANKWA2022_hv_s4b_host_vector_data_known_nh_known_initial_anonymized.txt,unknown_parameter,bh,p1
DANKWA2022/DANKWA2022_hv_s4b_host_vector_data_known_nh_known_initial.txt,DANKWA2022/DANKWA2022_hv_s4b_host_vector_data_known_nh_known_initial_anonymized.txt,unknown_parameter,bv,p2
DANKWA2022/DANKWA2022_hv_s4b_host_vector_data_known_nh_known_initial.txt,DANKWA2022/DANKWA2022_hv_s4b_host_vector_data_known_nh_known_initial_anonymized.txt,unknown_parameter,lv,p3
DANKWA2022/DANKWA2022_hv_s4b_host_vector_data_known_nh_known_initial.txt,DANKWA2022/DANKWA2022_hv_s4b_host_vector_data_known_nh_known_initial_anonymized.txt,unknown_parameter,mh,p4
DANKWA2022/DANKWA2022_hv_s4b_host_vector_data_known_nh_known_initial.txt,DANKWA2022/DANKWA2022_hv_s4b_host_vector_data_known_nh_known_initial_anonymized.txt,unknown_parameter,mv,p5
DANKWA2022/DANKWA2022_hv_s4b_host_vector_data_known_nh_known_initial.txt,DANKWA2022/DANKWA2022_hv_s4b_host_vector_data_known_nh_known_initial_anonymized.txt,known_input_or_constant,ah,c1
DANKWA2022/DANKWA2022_hv_s4b_host_vector_data_known_nh_known_initial.txt,DANKWA2022/DANKWA2022_hv_s4b_host_vector_data_known_nh_known_initial_anonymized.txt,known_input_or_constant,av,c2
DANKWA2022/DANKWA2022_hv_s4b_host_vector_data_known_nh_known_initial.txt,DANKWA2022/DANKWA2022_hv_s4b_host_vector_data_known_nh_known_initial_anonymized.txt,known_input_or_constant,gh,c3
DANKWA2022/DANKWA2022_hv_s4b_host_vector_data_known_nh_unknown_initial.txt,DANKWA2022/DANKWA2022_hv_s4b_host_vector_data_known_nh_unknown_initial_anonymized.txt,state,Sh,x1
DANKWA2022/DANKWA2022_hv_s4b_host_vector_data_known_nh_unknown_initial.txt,DANKWA2022/DANKWA2022_hv_s4b_host_vector_data_known_nh_unknown_initial_anonymized.txt,state,Lh,x2
DANKWA2022/DANKWA2022_hv_s4b_host_vector_data_known_nh_unknown_initial.txt,DANKWA2022/DANKWA2022_hv_s4b_host_vector_data_known_nh_unknown_initial_anonymized.txt,state,Ih,x3
DANKWA2022/DANKWA2022_hv_s4b_host_vector_data_known_nh_unknown_initial.txt,DANKWA2022/DANKWA2022_hv_s4b_host_vector_data_known_nh_unknown_initial_anonymized.txt,state,Rh,x4
DANKWA2022/DANKWA2022_hv_s4b_host_vector_data_known_nh_unknown_initial.txt,DANKWA2022/DANKWA2022_hv_s4b_host_vector_data_known_nh_unknown_initial_anonymized.txt,state,Sv,x5
DANKWA2022/DANKWA2022_hv_s4b_host_vector_data_known_nh_unknown_initial.txt,DANKWA2022/DANKWA2022_hv_s4b_host_vector_data_known_nh_unknown_initial_anonymized.txt,state,Lv,x6
DANKWA2022/DANKWA2022_hv_s4b_host_vector_data_known_nh_unknown_initial.txt,DANKWA2022/DANKWA2022_hv_s4b_host_vector_data_known_nh_unknown_initial_anonymized.txt,state,Iv,x7
DANKWA2022/DANKWA2022_hv_s4b_host_vector_data_known_nh_unknown_initial.txt,DANKWA2022/DANKWA2022_hv_s4b_host_vector_data_known_nh_unknown_initial_anonymized.txt,unknown_parameter,bh,p1
DANKWA2022/DANKWA2022_hv_s4b_host_vector_data_known_nh_unknown_initial.txt,DANKWA2022/DANKWA2022_hv_s4b_host_vector_data_known_nh_unknown_initial_anonymized.txt,unknown_parameter,bv,p2
DANKWA2022/DANKWA2022_hv_s4b_host_vector_data_known_nh_unknown_initial.txt,DANKWA2022/DANKWA2022_hv_s4b_host_vector_data_known_nh_unknown_initial_anonymized.txt,unknown_parameter,lv,p3
DANKWA2022/DANKWA2022_hv_s4b_host_vector_data_known_nh_unknown_initial.txt,DANKWA2022/DANKWA2022_hv_s4b_host_vector_data_known_nh_unknown_initial_anonymized.txt,unknown_parameter,mh,p4
DANKWA2022/DANKWA2022_hv_s4b_host_vector_data_known_nh_unknown_initial.txt,DANKWA2022/DANKWA2022_hv_s4b_host_vector_data_known_nh_unknown_initial_anonymized.txt,unknown_parameter,mv,p5
DANKWA2022/DANKWA2022_hv_s4b_host_vector_data_known_nh_unknown_initial.txt,DANKWA2022/DANKWA2022_hv_s4b_host_vector_data_known_nh_unknown_initial_anonymized.txt,known_input_or_constant,ah,c1
DANKWA2022/DANKWA2022_hv_s4b_host_vector_data_known_nh_unknown_initial.txt,DANKWA2022/DANKWA2022_hv_s4b_host_vector_data_known_nh_unknown_initial_anonymized.txt,known_input_or_constant,av,c2
DANKWA2022/DANKWA2022_hv_s4b_host_vector_data_known_nh_unknown_initial.txt,DANKWA2022/DANKWA2022_hv_s4b_host_vector_data_known_nh_unknown_initial_anonymized.txt,known_input_or_constant,gh,c3
DANKWA2022/DANKWA2022_sir_s1_incidence_known_initial.txt,DANKWA2022/DANKWA2022_sir_s1_incidence_known_initial_anonymized.txt,state,S,x1
DANKWA2022/DANKWA2022_sir_s1_incidence_known_initial.txt,DANKWA2022/DANKWA2022_sir_s1_incidence_known_initial_anonymized.txt,state,In,x2
DANKWA2022/DANKWA2022_sir_s1_incidence_known_initial.txt,DANKWA2022/DANKWA2022_sir_s1_incidence_known_initial_anonymized.txt,state,R,x3
DANKWA2022/DANKWA2022_sir_s1_incidence_known_initial.txt,DANKWA2022/DANKWA2022_sir_s1_incidence_known_initial_anonymized.txt,unknown_parameter,b,p1
DANKWA2022/DANKWA2022_sir_s1_incidence_known_initial.txt,DANKWA2022/DANKWA2022_sir_s1_incidence_known_initial_anonymized.txt,unknown_parameter,g,p2
DANKWA2022/DANKWA2022_sir_s1_incidence_unknown_initial.txt,DANKWA2022/DANKWA2022_sir_s1_incidence_unknown_initial_anonymized.txt,state,S,x1
DANKWA2022/DANKWA2022_sir_s1_incidence_unknown_initial.txt,DANKWA2022/DANKWA2022_sir_s1_incidence_unknown_initial_anonymized.txt,state,In,x2
DANKWA2022/DANKWA2022_sir_s1_incidence_unknown_initial.txt,DANKWA2022/DANKWA2022_sir_s1_incidence_unknown_initial_anonymized.txt,state,R,x3
DANKWA2022/DANKWA2022_sir_s1_incidence_unknown_initial.txt,DANKWA2022/DANKWA2022_sir_s1_incidence_unknown_initial_anonymized.txt,unknown_parameter,b,p1
DANKWA2022/DANKWA2022_sir_s1_incidence_unknown_initial.txt,DANKWA2022/DANKWA2022_sir_s1_incidence_unknown_initial_anonymized.txt,unknown_parameter,g,p2
DANKWA2022/DANKWA2022_sir_s1_prevalence_known_initial.txt,DANKWA2022/DANKWA2022_sir_s1_prevalence_known_initial_anonymized.txt,state,S,x1
DANKWA2022/DANKWA2022_sir_s1_prevalence_known_initial.txt,DANKWA2022/DANKWA2022_sir_s1_prevalence_known_initial_anonymized.txt,state,In,x2
DANKWA2022/DANKWA2022_sir_s1_prevalence_known_initial.txt,DANKWA2022/DANKWA2022_sir_s1_prevalence_known_initial_anonymized.txt,state,R,x3
DANKWA2022/DANKWA2022_sir_s1_prevalence_known_initial.txt,DANKWA2022/DANKWA2022_sir_s1_prevalence_known_initial_anonymized.txt,unknown_parameter,b,p1
DANKWA2022/DANKWA2022_sir_s1_prevalence_known_initial.txt,DANKWA2022/DANKWA2022_sir_s1_prevalence_known_initial_anonymized.txt,unknown_parameter,g,p2
DANKWA2022/DANKWA2022_sir_s1_prevalence_unknown_initial.txt,DANKWA2022/DANKWA2022_sir_s1_prevalence_unknown_initial_anonymized.txt,state,S,x1
DANKWA2022/DANKWA2022_sir_s1_prevalence_unknown_initial.txt,DANKWA2022/DANKWA2022_sir_s1_prevalence_unknown_initial_anonymized.txt,state,In,x2
DANKWA2022/DANKWA2022_sir_s1_prevalence_unknown_initial.txt,DANKWA2022/DANKWA2022_sir_s1_prevalence_unknown_initial_anonymized.txt,state,R,x3
DANKWA2022/DANKWA2022_sir_s1_prevalence_unknown_initial.txt,DANKWA2022/DANKWA2022_sir_s1_prevalence_unknown_initial_anonymized.txt,unknown_parameter,b,p1
DANKWA2022/DANKWA2022_sir_s1_prevalence_unknown_initial.txt,DANKWA2022/DANKWA2022_sir_s1_prevalence_unknown_initial_anonymized.txt,unknown_parameter,g,p2
DANKWA2022/DANKWA2022_sir_s2_incidence_known_nh_known_initial.txt,DANKWA2022/DANKWA2022_sir_s2_incidence_known_nh_known_initial_anonymized.txt,state,S,x1
DANKWA2022/DANKWA2022_sir_s2_incidence_known_nh_known_initial.txt,DANKWA2022/DANKWA2022_sir_s2_incidence_known_nh_known_initial_anonymized.txt,state,In,x2
DANKWA2022/DANKWA2022_sir_s2_incidence_known_nh_known_initial.txt,DANKWA2022/DANKWA2022_sir_s2_incidence_known_nh_known_initial_anonymized.txt,state,R,x3
DANKWA2022/DANKWA2022_sir_s2_incidence_known_nh_known_initial.txt,DANKWA2022/DANKWA2022_sir_s2_incidence_known_nh_known_initial_anonymized.txt,unknown_parameter,b,p1
DANKWA2022/DANKWA2022_sir_s2_incidence_known_nh_known_initial.txt,DANKWA2022/DANKWA2022_sir_s2_incidence_known_nh_known_initial_anonymized.txt,known_input_or_constant,g,c1
DANKWA2022/DANKWA2022_sir_s2_incidence_known_nh_unknown_initial.txt,DANKWA2022/DANKWA2022_sir_s2_incidence_known_nh_unknown_initial_anonymized.txt,state,S,x1
DANKWA2022/DANKWA2022_sir_s2_incidence_known_nh_unknown_initial.txt,DANKWA2022/DANKWA2022_sir_s2_incidence_known_nh_unknown_initial_anonymized.txt,state,In,x2
DANKWA2022/DANKWA2022_sir_s2_incidence_known_nh_unknown_initial.txt,DANKWA2022/DANKWA2022_sir_s2_incidence_known_nh_unknown_initial_anonymized.txt,state,R,x3
DANKWA2022/DANKWA2022_sir_s2_incidence_known_nh_unknown_initial.txt,DANKWA2022/DANKWA2022_sir_s2_incidence_known_nh_unknown_initial_anonymized.txt,unknown_parameter,b,p1
DANKWA2022/DANKWA2022_sir_s2_incidence_known_nh_unknown_initial.txt,DANKWA2022/DANKWA2022_sir_s2_incidence_known_nh_unknown_initial_anonymized.txt,known_input_or_constant,g,c1
DANKWA2022/DANKWA2022_sir_s2_prevalence_known_nh_known_initial.txt,DANKWA2022/DANKWA2022_sir_s2_prevalence_known_nh_known_initial_anonymized.txt,state,S,x1
DANKWA2022/DANKWA2022_sir_s2_prevalence_known_nh_known_initial.txt,DANKWA2022/DANKWA2022_sir_s2_prevalence_known_nh_known_initial_anonymized.txt,state,In,x2
DANKWA2022/DANKWA2022_sir_s2_prevalence_known_nh_known_initial.txt,DANKWA2022/DANKWA2022_sir_s2_prevalence_known_nh_known_initial_anonymized.txt,state,R,x3
DANKWA2022/DANKWA2022_sir_s2_prevalence_known_nh_known_initial.txt,DANKWA2022/DANKWA2022_sir_s2_prevalence_known_nh_known_initial_anonymized.txt,unknown_parameter,b,p1
DANKWA2022/DANKWA2022_sir_s2_prevalence_known_nh_known_initial.txt,DANKWA2022/DANKWA2022_sir_s2_prevalence_known_nh_known_initial_anonymized.txt,known_input_or_constant,g,c1
DANKWA2022/DANKWA2022_sir_s2_prevalence_known_nh_unknown_initial.txt,DANKWA2022/DANKWA2022_sir_s2_prevalence_known_nh_unknown_initial_anonymized.txt,state,S,x1
DANKWA2022/DANKWA2022_sir_s2_prevalence_known_nh_unknown_initial.txt,DANKWA2022/DANKWA2022_sir_s2_prevalence_known_nh_unknown_initial_anonymized.txt,state,In,x2
DANKWA2022/DANKWA2022_sir_s2_prevalence_known_nh_unknown_initial.txt,DANKWA2022/DANKWA2022_sir_s2_prevalence_known_nh_unknown_initial_anonymized.txt,state,R,x3
DANKWA2022/DANKWA2022_sir_s2_prevalence_known_nh_unknown_initial.txt,DANKWA2022/DANKWA2022_sir_s2_prevalence_known_nh_unknown_initial_anonymized.txt,unknown_parameter,b,p1
DANKWA2022/DANKWA2022_sir_s2_prevalence_known_nh_unknown_initial.txt,DANKWA2022/DANKWA2022_sir_s2_prevalence_known_nh_unknown_initial_anonymized.txt,known_input_or_constant,g,c1
DANKWA2022/DANKWA2022_sir_s3_incidence_prevalence_known_initial.txt,DANKWA2022/DANKWA2022_sir_s3_incidence_prevalence_known_initial_anonymized.txt,state,S,x1
DANKWA2022/DANKWA2022_sir_s3_incidence_prevalence_known_initial.txt,DANKWA2022/DANKWA2022_sir_s3_incidence_prevalence_known_initial_anonymized.txt,state,In,x2
DANKWA2022/DANKWA2022_sir_s3_incidence_prevalence_known_initial.txt,DANKWA2022/DANKWA2022_sir_s3_incidence_prevalence_known_initial_anonymized.txt,state,R,x3
DANKWA2022/DANKWA2022_sir_s3_incidence_prevalence_known_initial.txt,DANKWA2022/DANKWA2022_sir_s3_incidence_prevalence_known_initial_anonymized.txt,unknown_parameter,b,p1
DANKWA2022/DANKWA2022_sir_s3_incidence_prevalence_known_initial.txt,DANKWA2022/DANKWA2022_sir_s3_incidence_prevalence_known_initial_anonymized.txt,unknown_parameter,g,p2
DANKWA2022/DANKWA2022_sir_s3_incidence_prevalence_unknown_initial.txt,DANKWA2022/DANKWA2022_sir_s3_incidence_prevalence_unknown_initial_anonymized.txt,state,S,x1
DANKWA2022/DANKWA2022_sir_s3_incidence_prevalence_unknown_initial.txt,DANKWA2022/DANKWA2022_sir_s3_incidence_prevalence_unknown_initial_anonymized.txt,state,In,x2
DANKWA2022/DANKWA2022_sir_s3_incidence_prevalence_unknown_initial.txt,DANKWA2022/DANKWA2022_sir_s3_incidence_prevalence_unknown_initial_anonymized.txt,state,R,x3
DANKWA2022/DANKWA2022_sir_s3_incidence_prevalence_unknown_initial.txt,DANKWA2022/DANKWA2022_sir_s3_incidence_prevalence_unknown_initial_anonymized.txt,unknown_parameter,b,p1
DANKWA2022/DANKWA2022_sir_s3_incidence_prevalence_unknown_initial.txt,DANKWA2022/DANKWA2022_sir_s3_incidence_prevalence_unknown_initial_anonymized.txt,unknown_parameter,g,p2
DANKWA2022/DANKWA2022_sir_s4_incidence_prevalence_known_nh_known_initial.txt,DANKWA2022/DANKWA2022_sir_s4_incidence_prevalence_known_nh_known_initial_anonymized.txt,state,S,x1
DANKWA2022/DANKWA2022_sir_s4_incidence_prevalence_known_nh_known_initial.txt,DANKWA2022/DANKWA2022_sir_s4_incidence_prevalence_known_nh_known_initial_anonymized.txt,state,In,x2
DANKWA2022/DANKWA2022_sir_s4_incidence_prevalence_known_nh_known_initial.txt,DANKWA2022/DANKWA2022_sir_s4_incidence_prevalence_known_nh_known_initial_anonymized.txt,state,R,x3
DANKWA2022/DANKWA2022_sir_s4_incidence_prevalence_known_nh_known_initial.txt,DANKWA2022/DANKWA2022_sir_s4_incidence_prevalence_known_nh_known_initial_anonymized.txt,unknown_parameter,b,p1
DANKWA2022/DANKWA2022_sir_s4_incidence_prevalence_known_nh_known_initial.txt,DANKWA2022/DANKWA2022_sir_s4_incidence_prevalence_known_nh_known_initial_anonymized.txt,known_input_or_constant,g,c1
DANKWA2022/DANKWA2022_sir_s4_incidence_prevalence_known_nh_unknown_initial.txt,DANKWA2022/DANKWA2022_sir_s4_incidence_prevalence_known_nh_unknown_initial_anonymized.txt,state,S,x1
DANKWA2022/DANKWA2022_sir_s4_incidence_prevalence_known_nh_unknown_initial.txt,DANKWA2022/DANKWA2022_sir_s4_incidence_prevalence_known_nh_unknown_initial_anonymized.txt,state,In,x2
DANKWA2022/DANKWA2022_sir_s4_incidence_prevalence_known_nh_unknown_initial.txt,DANKWA2022/DANKWA2022_sir_s4_incidence_prevalence_known_nh_unknown_initial_anonymized.txt,state,R,x3
DANKWA2022/DANKWA2022_sir_s4_incidence_prevalence_known_nh_unknown_initial.txt,DANKWA2022/DANKWA2022_sir_s4_incidence_prevalence_known_nh_unknown_initial_anonymized.txt,unknown_parameter,b,p1
DANKWA2022/DANKWA2022_sir_s4_incidence_prevalence_known_nh_unknown_initial.txt,DANKWA2022/DANKWA2022_sir_s4_incidence_prevalence_known_nh_unknown_initial_anonymized.txt,known_input_or_constant,g,c1
DANKWA2022/DANKWA2022_slir_s1_incidence_known_initial.txt,DANKWA2022/DANKWA2022_slir_s1_incidence_known_initial_anonymized.txt,state,S,x1
DANKWA2022/DANKWA2022_slir_s1_incidence_known_initial.txt,DANKWA2022/DANKWA2022_slir_s1_incidence_known_initial_anonymized.txt,state,L,x2
DANKWA2022/DANKWA2022_slir_s1_incidence_known_initial.txt,DANKWA2022/DANKWA2022_slir_s1_incidence_known_initial_anonymized.txt,state,In,x3
DANKWA2022/DANKWA2022_slir_s1_incidence_known_initial.txt,DANKWA2022/DANKWA2022_slir_s1_incidence_known_initial_anonymized.txt,state,R,x4
DANKWA2022/DANKWA2022_slir_s1_incidence_known_initial.txt,DANKWA2022/DANKWA2022_slir_s1_incidence_known_initial_anonymized.txt,unknown_parameter,a,p1
DANKWA2022/DANKWA2022_slir_s1_incidence_known_initial.txt,DANKWA2022/DANKWA2022_slir_s1_incidence_known_initial_anonymized.txt,unknown_parameter,b,p2
DANKWA2022/DANKWA2022_slir_s1_incidence_known_initial.txt,DANKWA2022/DANKWA2022_slir_s1_incidence_known_initial_anonymized.txt,unknown_parameter,g,p3
DANKWA2022/DANKWA2022_slir_s1_incidence_unknown_initial.txt,DANKWA2022/DANKWA2022_slir_s1_incidence_unknown_initial_anonymized.txt,state,S,x1
DANKWA2022/DANKWA2022_slir_s1_incidence_unknown_initial.txt,DANKWA2022/DANKWA2022_slir_s1_incidence_unknown_initial_anonymized.txt,state,L,x2
DANKWA2022/DANKWA2022_slir_s1_incidence_unknown_initial.txt,DANKWA2022/DANKWA2022_slir_s1_incidence_unknown_initial_anonymized.txt,state,In,x3
DANKWA2022/DANKWA2022_slir_s1_incidence_unknown_initial.txt,DANKWA2022/DANKWA2022_slir_s1_incidence_unknown_initial_anonymized.txt,state,R,x4
DANKWA2022/DANKWA2022_slir_s1_incidence_unknown_initial.txt,DANKWA2022/DANKWA2022_slir_s1_incidence_unknown_initial_anonymized.txt,unknown_parameter,a,p1
DANKWA2022/DANKWA2022_slir_s1_incidence_unknown_initial.txt,DANKWA2022/DANKWA2022_slir_s1_incidence_unknown_initial_anonymized.txt,unknown_parameter,b,p2
DANKWA2022/DANKWA2022_slir_s1_incidence_unknown_initial.txt,DANKWA2022/DANKWA2022_slir_s1_incidence_unknown_initial_anonymized.txt,unknown_parameter,g,p3
DANKWA2022/DANKWA2022_slir_s1_prevalence_known_initial.txt,DANKWA2022/DANKWA2022_slir_s1_prevalence_known_initial_anonymized.txt,state,S,x1
DANKWA2022/DANKWA2022_slir_s1_prevalence_known_initial.txt,DANKWA2022/DANKWA2022_slir_s1_prevalence_known_initial_anonymized.txt,state,L,x2
DANKWA2022/DANKWA2022_slir_s1_prevalence_known_initial.txt,DANKWA2022/DANKWA2022_slir_s1_prevalence_known_initial_anonymized.txt,state,In,x3
DANKWA2022/DANKWA2022_slir_s1_prevalence_known_initial.txt,DANKWA2022/DANKWA2022_slir_s1_prevalence_known_initial_anonymized.txt,state,R,x4
DANKWA2022/DANKWA2022_slir_s1_prevalence_known_initial.txt,DANKWA2022/DANKWA2022_slir_s1_prevalence_known_initial_anonymized.txt,unknown_parameter,a,p1
DANKWA2022/DANKWA2022_slir_s1_prevalence_known_initial.txt,DANKWA2022/DANKWA2022_slir_s1_prevalence_known_initial_anonymized.txt,unknown_parameter,b,p2
DANKWA2022/DANKWA2022_slir_s1_prevalence_known_initial.txt,DANKWA2022/DANKWA2022_slir_s1_prevalence_known_initial_anonymized.txt,unknown_parameter,g,p3
DANKWA2022/DANKWA2022_slir_s1_prevalence_unknown_initial.txt,DANKWA2022/DANKWA2022_slir_s1_prevalence_unknown_initial_anonymized.txt,state,S,x1
DANKWA2022/DANKWA2022_slir_s1_prevalence_unknown_initial.txt,DANKWA2022/DANKWA2022_slir_s1_prevalence_unknown_initial_anonymized.txt,state,L,x2
DANKWA2022/DANKWA2022_slir_s1_prevalence_unknown_initial.txt,DANKWA2022/DANKWA2022_slir_s1_prevalence_unknown_initial_anonymized.txt,state,In,x3
DANKWA2022/DANKWA2022_slir_s1_prevalence_unknown_initial.txt,DANKWA2022/DANKWA2022_slir_s1_prevalence_unknown_initial_anonymized.txt,state,R,x4
DANKWA2022/DANKWA2022_slir_s1_prevalence_unknown_initial.txt,DANKWA2022/DANKWA2022_slir_s1_prevalence_unknown_initial_anonymized.txt,unknown_parameter,a,p1
DANKWA2022/DANKWA2022_slir_s1_prevalence_unknown_initial.txt,DANKWA2022/DANKWA2022_slir_s1_prevalence_unknown_initial_anonymized.txt,unknown_parameter,b,p2
DANKWA2022/DANKWA2022_slir_s1_prevalence_unknown_initial.txt,DANKWA2022/DANKWA2022_slir_s1_prevalence_unknown_initial_anonymized.txt,unknown_parameter,g,p3
DANKWA2022/DANKWA2022_slir_s2_incidence_known_nh_known_initial.txt,DANKWA2022/DANKWA2022_slir_s2_incidence_known_nh_known_initial_anonymized.txt,state,S,x1
DANKWA2022/DANKWA2022_slir_s2_incidence_known_nh_known_initial.txt,DANKWA2022/DANKWA2022_slir_s2_incidence_known_nh_known_initial_anonymized.txt,state,L,x2
DANKWA2022/DANKWA2022_slir_s2_incidence_known_nh_known_initial.txt,DANKWA2022/DANKWA2022_slir_s2_incidence_known_nh_known_initial_anonymized.txt,state,In,x3
DANKWA2022/DANKWA2022_slir_s2_incidence_known_nh_known_initial.txt,DANKWA2022/DANKWA2022_slir_s2_incidence_known_nh_known_initial_anonymized.txt,state,R,x4
DANKWA2022/DANKWA2022_slir_s2_incidence_known_nh_known_initial.txt,DANKWA2022/DANKWA2022_slir_s2_incidence_known_nh_known_initial_anonymized.txt,unknown_parameter,b,p1
DANKWA2022/DANKWA2022_slir_s2_incidence_known_nh_known_initial.txt,DANKWA2022/DANKWA2022_slir_s2_incidence_known_nh_known_initial_anonymized.txt,known_input_or_constant,a,c1
DANKWA2022/DANKWA2022_slir_s2_incidence_known_nh_known_initial.txt,DANKWA2022/DANKWA2022_slir_s2_incidence_known_nh_known_initial_anonymized.txt,known_input_or_constant,g,c2
DANKWA2022/DANKWA2022_slir_s2_incidence_known_nh_unknown_initial.txt,DANKWA2022/DANKWA2022_slir_s2_incidence_known_nh_unknown_initial_anonymized.txt,state,S,x1
DANKWA2022/DANKWA2022_slir_s2_incidence_known_nh_unknown_initial.txt,DANKWA2022/DANKWA2022_slir_s2_incidence_known_nh_unknown_initial_anonymized.txt,state,L,x2
DANKWA2022/DANKWA2022_slir_s2_incidence_known_nh_unknown_initial.txt,DANKWA2022/DANKWA2022_slir_s2_incidence_known_nh_unknown_initial_anonymized.txt,state,In,x3
DANKWA2022/DANKWA2022_slir_s2_incidence_known_nh_unknown_initial.txt,DANKWA2022/DANKWA2022_slir_s2_incidence_known_nh_unknown_initial_anonymized.txt,state,R,x4
DANKWA2022/DANKWA2022_slir_s2_incidence_known_nh_unknown_initial.txt,DANKWA2022/DANKWA2022_slir_s2_incidence_known_nh_unknown_initial_anonymized.txt,unknown_parameter,b,p1
DANKWA2022/DANKWA2022_slir_s2_incidence_known_nh_unknown_initial.txt,DANKWA2022/DANKWA2022_slir_s2_incidence_known_nh_unknown_initial_anonymized.txt,known_input_or_constant,a,c1
DANKWA2022/DANKWA2022_slir_s2_incidence_known_nh_unknown_initial.txt,DANKWA2022/DANKWA2022_slir_s2_incidence_known_nh_unknown_initial_anonymized.txt,known_input_or_constant,g,c2
DANKWA2022/DANKWA2022_slir_s2_prevalence_known_nh_known_initial.txt,DANKWA2022/DANKWA2022_slir_s2_prevalence_known_nh_known_initial_anonymized.txt,state,S,x1
DANKWA2022/DANKWA2022_slir_s2_prevalence_known_nh_known_initial.txt,DANKWA2022/DANKWA2022_slir_s2_prevalence_known_nh_known_initial_anonymized.txt,state,L,x2
DANKWA2022/DANKWA2022_slir_s2_prevalence_known_nh_known_initial.txt,DANKWA2022/DANKWA2022_slir_s2_prevalence_known_nh_known_initial_anonymized.txt,state,In,x3
DANKWA2022/DANKWA2022_slir_s2_prevalence_known_nh_known_initial.txt,DANKWA2022/DANKWA2022_slir_s2_prevalence_known_nh_known_initial_anonymized.txt,state,R,x4
DANKWA2022/DANKWA2022_slir_s2_prevalence_known_nh_known_initial.txt,DANKWA2022/DANKWA2022_slir_s2_prevalence_known_nh_known_initial_anonymized.txt,unknown_parameter,b,p1
DANKWA2022/DANKWA2022_slir_s2_prevalence_known_nh_known_initial.txt,DANKWA2022/DANKWA2022_slir_s2_prevalence_known_nh_known_initial_anonymized.txt,known_input_or_constant,a,c1
DANKWA2022/DANKWA2022_slir_s2_prevalence_known_nh_known_initial.txt,DANKWA2022/DANKWA2022_slir_s2_prevalence_known_nh_known_initial_anonymized.txt,known_input_or_constant,g,c2
DANKWA2022/DANKWA2022_slir_s2_prevalence_known_nh_unknown_initial.txt,DANKWA2022/DANKWA2022_slir_s2_prevalence_known_nh_unknown_initial_anonymized.txt,state,S,x1
DANKWA2022/DANKWA2022_slir_s2_prevalence_known_nh_unknown_initial.txt,DANKWA2022/DANKWA2022_slir_s2_prevalence_known_nh_unknown_initial_anonymized.txt,state,L,x2
DANKWA2022/DANKWA2022_slir_s2_prevalence_known_nh_unknown_initial.txt,DANKWA2022/DANKWA2022_slir_s2_prevalence_known_nh_unknown_initial_anonymized.txt,state,In,x3
DANKWA2022/DANKWA2022_slir_s2_prevalence_known_nh_unknown_initial.txt,DANKWA2022/DANKWA2022_slir_s2_prevalence_known_nh_unknown_initial_anonymized.txt,state,R,x4
DANKWA2022/DANKWA2022_slir_s2_prevalence_known_nh_unknown_initial.txt,DANKWA2022/DANKWA2022_slir_s2_prevalence_known_nh_unknown_initial_anonymized.txt,unknown_parameter,b,p1
DANKWA2022/DANKWA2022_slir_s2_prevalence_known_nh_unknown_initial.txt,DANKWA2022/DANKWA2022_slir_s2_prevalence_known_nh_unknown_initial_anonymized.txt,known_input_or_constant,a,c1
DANKWA2022/DANKWA2022_slir_s2_prevalence_known_nh_unknown_initial.txt,DANKWA2022/DANKWA2022_slir_s2_prevalence_known_nh_unknown_initial_anonymized.txt,known_input_or_constant,g,c2
DANKWA2022/DANKWA2022_slir_s3_incidence_prevalence_known_initial.txt,DANKWA2022/DANKWA2022_slir_s3_incidence_prevalence_known_initial_anonymized.txt,state,S,x1
DANKWA2022/DANKWA2022_slir_s3_incidence_prevalence_known_initial.txt,DANKWA2022/DANKWA2022_slir_s3_incidence_prevalence_known_initial_anonymized.txt,state,L,x2
DANKWA2022/DANKWA2022_slir_s3_incidence_prevalence_known_initial.txt,DANKWA2022/DANKWA2022_slir_s3_incidence_prevalence_known_initial_anonymized.txt,state,In,x3
DANKWA2022/DANKWA2022_slir_s3_incidence_prevalence_known_initial.txt,DANKWA2022/DANKWA2022_slir_s3_incidence_prevalence_known_initial_anonymized.txt,state,R,x4
DANKWA2022/DANKWA2022_slir_s3_incidence_prevalence_known_initial.txt,DANKWA2022/DANKWA2022_slir_s3_incidence_prevalence_known_initial_anonymized.txt,unknown_parameter,a,p1
DANKWA2022/DANKWA2022_slir_s3_incidence_prevalence_known_initial.txt,DANKWA2022/DANKWA2022_slir_s3_incidence_prevalence_known_initial_anonymized.txt,unknown_parameter,b,p2
DANKWA2022/DANKWA2022_slir_s3_incidence_prevalence_known_initial.txt,DANKWA2022/DANKWA2022_slir_s3_incidence_prevalence_known_initial_anonymized.txt,unknown_parameter,g,p3
DANKWA2022/DANKWA2022_slir_s3_incidence_prevalence_unknown_initial.txt,DANKWA2022/DANKWA2022_slir_s3_incidence_prevalence_unknown_initial_anonymized.txt,state,S,x1
DANKWA2022/DANKWA2022_slir_s3_incidence_prevalence_unknown_initial.txt,DANKWA2022/DANKWA2022_slir_s3_incidence_prevalence_unknown_initial_anonymized.txt,state,L,x2
DANKWA2022/DANKWA2022_slir_s3_incidence_prevalence_unknown_initial.txt,DANKWA2022/DANKWA2022_slir_s3_incidence_prevalence_unknown_initial_anonymized.txt,state,In,x3
DANKWA2022/DANKWA2022_slir_s3_incidence_prevalence_unknown_initial.txt,DANKWA2022/DANKWA2022_slir_s3_incidence_prevalence_unknown_initial_anonymized.txt,state,R,x4
DANKWA2022/DANKWA2022_slir_s3_incidence_prevalence_unknown_initial.txt,DANKWA2022/DANKWA2022_slir_s3_incidence_prevalence_unknown_initial_anonymized.txt,unknown_parameter,a,p1
DANKWA2022/DANKWA2022_slir_s3_incidence_prevalence_unknown_initial.txt,DANKWA2022/DANKWA2022_slir_s3_incidence_prevalence_unknown_initial_anonymized.txt,unknown_parameter,b,p2
DANKWA2022/DANKWA2022_slir_s3_incidence_prevalence_unknown_initial.txt,DANKWA2022/DANKWA2022_slir_s3_incidence_prevalence_unknown_initial_anonymized.txt,unknown_parameter,g,p3
DANKWA2022/DANKWA2022_slir_s4_incidence_prevalence_known_nh_known_initial.txt,DANKWA2022/DANKWA2022_slir_s4_incidence_prevalence_known_nh_known_initial_anonymized.txt,state,S,x1
DANKWA2022/DANKWA2022_slir_s4_incidence_prevalence_known_nh_known_initial.txt,DANKWA2022/DANKWA2022_slir_s4_incidence_prevalence_known_nh_known_initial_anonymized.txt,state,L,x2
DANKWA2022/DANKWA2022_slir_s4_incidence_prevalence_known_nh_known_initial.txt,DANKWA2022/DANKWA2022_slir_s4_incidence_prevalence_known_nh_known_initial_anonymized.txt,state,In,x3
DANKWA2022/DANKWA2022_slir_s4_incidence_prevalence_known_nh_known_initial.txt,DANKWA2022/DANKWA2022_slir_s4_incidence_prevalence_known_nh_known_initial_anonymized.txt,state,R,x4
DANKWA2022/DANKWA2022_slir_s4_incidence_prevalence_known_nh_known_initial.txt,DANKWA2022/DANKWA2022_slir_s4_incidence_prevalence_known_nh_known_initial_anonymized.txt,unknown_parameter,b,p1
DANKWA2022/DANKWA2022_slir_s4_incidence_prevalence_known_nh_known_initial.txt,DANKWA2022/DANKWA2022_slir_s4_incidence_prevalence_known_nh_known_initial_anonymized.txt,known_input_or_constant,a,c1
DANKWA2022/DANKWA2022_slir_s4_incidence_prevalence_known_nh_known_initial.txt,DANKWA2022/DANKWA2022_slir_s4_incidence_prevalence_known_nh_known_initial_anonymized.txt,known_input_or_constant,g,c2
DANKWA2022/DANKWA2022_slir_s4_incidence_prevalence_known_nh_unknown_initial.txt,DANKWA2022/DANKWA2022_slir_s4_incidence_prevalence_known_nh_unknown_initial_anonymized.txt,state,S,x1
DANKWA2022/DANKWA2022_slir_s4_incidence_prevalence_known_nh_unknown_initial.txt,DANKWA2022/DANKWA2022_slir_s4_incidence_prevalence_known_nh_unknown_initial_anonymized.txt,state,L,x2
DANKWA2022/DANKWA2022_slir_s4_incidence_prevalence_known_nh_unknown_initial.txt,DANKWA2022/DANKWA2022_slir_s4_incidence_prevalence_known_nh_unknown_initial_anonymized.txt,state,In,x3
DANKWA2022/DANKWA2022_slir_s4_incidence_prevalence_known_nh_unknown_initial.txt,DANKWA2022/DANKWA2022_slir_s4_incidence_prevalence_known_nh_unknown_initial_anonymized.txt,state,R,x4
DANKWA2022/DANKWA2022_slir_s4_incidence_prevalence_known_nh_unknown_initial.txt,DANKWA2022/DANKWA2022_slir_s4_incidence_prevalence_known_nh_unknown_initial_anonymized.txt,unknown_parameter,b,p1
DANKWA2022/DANKWA2022_slir_s4_incidence_prevalence_known_nh_unknown_initial.txt,DANKWA2022/DANKWA2022_slir_s4_incidence_prevalence_known_nh_unknown_initial_anonymized.txt,known_input_or_constant,a,c1
DANKWA2022/DANKWA2022_slir_s4_incidence_prevalence_known_nh_unknown_initial.txt,DANKWA2022/DANKWA2022_slir_s4_incidence_prevalence_known_nh_unknown_initial_anonymized.txt,known_input_or_constant,g,c2
DANKWA2022/DANKWA2022_slirq_s1_incidence_known_initial.txt,DANKWA2022/DANKWA2022_slirq_s1_incidence_known_initial_anonymized.txt,state,S,x1
DANKWA2022/DANKWA2022_slirq_s1_incidence_known_initial.txt,DANKWA2022/DANKWA2022_slirq_s1_incidence_known_initial_anonymized.txt,state,L,x2
DANKWA2022/DANKWA2022_slirq_s1_incidence_known_initial.txt,DANKWA2022/DANKWA2022_slirq_s1_incidence_known_initial_anonymized.txt,state,In,x3
DANKWA2022/DANKWA2022_slirq_s1_incidence_known_initial.txt,DANKWA2022/DANKWA2022_slirq_s1_incidence_known_initial_anonymized.txt,state,R,x4
DANKWA2022/DANKWA2022_slirq_s1_incidence_known_initial.txt,DANKWA2022/DANKWA2022_slirq_s1_incidence_known_initial_anonymized.txt,state,Q,x5
DANKWA2022/DANKWA2022_slirq_s1_incidence_known_initial.txt,DANKWA2022/DANKWA2022_slirq_s1_incidence_known_initial_anonymized.txt,unknown_parameter,a,p1
DANKWA2022/DANKWA2022_slirq_s1_incidence_known_initial.txt,DANKWA2022/DANKWA2022_slirq_s1_incidence_known_initial_anonymized.txt,unknown_parameter,b,p2
DANKWA2022/DANKWA2022_slirq_s1_incidence_known_initial.txt,DANKWA2022/DANKWA2022_slirq_s1_incidence_known_initial_anonymized.txt,unknown_parameter,e,p3
DANKWA2022/DANKWA2022_slirq_s1_incidence_known_initial.txt,DANKWA2022/DANKWA2022_slirq_s1_incidence_known_initial_anonymized.txt,unknown_parameter,g,p4
DANKWA2022/DANKWA2022_slirq_s1_incidence_known_initial.txt,DANKWA2022/DANKWA2022_slirq_s1_incidence_known_initial_anonymized.txt,unknown_parameter,s,p5
DANKWA2022/DANKWA2022_slirq_s1_incidence_known_initial.txt,DANKWA2022/DANKWA2022_slirq_s1_incidence_known_initial_anonymized.txt,known_input_or_constant,u,u1
DANKWA2022/DANKWA2022_slirq_s1_incidence_unknown_initial.txt,DANKWA2022/DANKWA2022_slirq_s1_incidence_unknown_initial_anonymized.txt,state,S,x1
DANKWA2022/DANKWA2022_slirq_s1_incidence_unknown_initial.txt,DANKWA2022/DANKWA2022_slirq_s1_incidence_unknown_initial_anonymized.txt,state,L,x2
DANKWA2022/DANKWA2022_slirq_s1_incidence_unknown_initial.txt,DANKWA2022/DANKWA2022_slirq_s1_incidence_unknown_initial_anonymized.txt,state,In,x3
DANKWA2022/DANKWA2022_slirq_s1_incidence_unknown_initial.txt,DANKWA2022/DANKWA2022_slirq_s1_incidence_unknown_initial_anonymized.txt,state,R,x4
DANKWA2022/DANKWA2022_slirq_s1_incidence_unknown_initial.txt,DANKWA2022/DANKWA2022_slirq_s1_incidence_unknown_initial_anonymized.txt,state,Q,x5
DANKWA2022/DANKWA2022_slirq_s1_incidence_unknown_initial.txt,DANKWA2022/DANKWA2022_slirq_s1_incidence_unknown_initial_anonymized.txt,unknown_parameter,a,p1
DANKWA2022/DANKWA2022_slirq_s1_incidence_unknown_initial.txt,DANKWA2022/DANKWA2022_slirq_s1_incidence_unknown_initial_anonymized.txt,unknown_parameter,b,p2
DANKWA2022/DANKWA2022_slirq_s1_incidence_unknown_initial.txt,DANKWA2022/DANKWA2022_slirq_s1_incidence_unknown_initial_anonymized.txt,unknown_parameter,e,p3
DANKWA2022/DANKWA2022_slirq_s1_incidence_unknown_initial.txt,DANKWA2022/DANKWA2022_slirq_s1_incidence_unknown_initial_anonymized.txt,unknown_parameter,g,p4
DANKWA2022/DANKWA2022_slirq_s1_incidence_unknown_initial.txt,DANKWA2022/DANKWA2022_slirq_s1_incidence_unknown_initial_anonymized.txt,unknown_parameter,s,p5
DANKWA2022/DANKWA2022_slirq_s1_incidence_unknown_initial.txt,DANKWA2022/DANKWA2022_slirq_s1_incidence_unknown_initial_anonymized.txt,known_input_or_constant,u,u1
DANKWA2022/DANKWA2022_slirq_s1_prevalence_known_initial.txt,DANKWA2022/DANKWA2022_slirq_s1_prevalence_known_initial_anonymized.txt,state,S,x1
DANKWA2022/DANKWA2022_slirq_s1_prevalence_known_initial.txt,DANKWA2022/DANKWA2022_slirq_s1_prevalence_known_initial_anonymized.txt,state,L,x2
DANKWA2022/DANKWA2022_slirq_s1_prevalence_known_initial.txt,DANKWA2022/DANKWA2022_slirq_s1_prevalence_known_initial_anonymized.txt,state,In,x3
DANKWA2022/DANKWA2022_slirq_s1_prevalence_known_initial.txt,DANKWA2022/DANKWA2022_slirq_s1_prevalence_known_initial_anonymized.txt,state,R,x4
DANKWA2022/DANKWA2022_slirq_s1_prevalence_known_initial.txt,DANKWA2022/DANKWA2022_slirq_s1_prevalence_known_initial_anonymized.txt,state,Q,x5
DANKWA2022/DANKWA2022_slirq_s1_prevalence_known_initial.txt,DANKWA2022/DANKWA2022_slirq_s1_prevalence_known_initial_anonymized.txt,unknown_parameter,a,p1
DANKWA2022/DANKWA2022_slirq_s1_prevalence_known_initial.txt,DANKWA2022/DANKWA2022_slirq_s1_prevalence_known_initial_anonymized.txt,unknown_parameter,b,p2
DANKWA2022/DANKWA2022_slirq_s1_prevalence_known_initial.txt,DANKWA2022/DANKWA2022_slirq_s1_prevalence_known_initial_anonymized.txt,unknown_parameter,e,p3
DANKWA2022/DANKWA2022_slirq_s1_prevalence_known_initial.txt,DANKWA2022/DANKWA2022_slirq_s1_prevalence_known_initial_anonymized.txt,unknown_parameter,g,p4
DANKWA2022/DANKWA2022_slirq_s1_prevalence_known_initial.txt,DANKWA2022/DANKWA2022_slirq_s1_prevalence_known_initial_anonymized.txt,unknown_parameter,s,p5
DANKWA2022/DANKWA2022_slirq_s1_prevalence_known_initial.txt,DANKWA2022/DANKWA2022_slirq_s1_prevalence_known_initial_anonymized.txt,known_input_or_constant,u,u1
DANKWA2022/DANKWA2022_slirq_s1_prevalence_unknown_initial.txt,DANKWA2022/DANKWA2022_slirq_s1_prevalence_unknown_initial_anonymized.txt,state,S,x1
DANKWA2022/DANKWA2022_slirq_s1_prevalence_unknown_initial.txt,DANKWA2022/DANKWA2022_slirq_s1_prevalence_unknown_initial_anonymized.txt,state,L,x2
DANKWA2022/DANKWA2022_slirq_s1_prevalence_unknown_initial.txt,DANKWA2022/DANKWA2022_slirq_s1_prevalence_unknown_initial_anonymized.txt,state,In,x3
DANKWA2022/DANKWA2022_slirq_s1_prevalence_unknown_initial.txt,DANKWA2022/DANKWA2022_slirq_s1_prevalence_unknown_initial_anonymized.txt,state,R,x4
DANKWA2022/DANKWA2022_slirq_s1_prevalence_unknown_initial.txt,DANKWA2022/DANKWA2022_slirq_s1_prevalence_unknown_initial_anonymized.txt,state,Q,x5
DANKWA2022/DANKWA2022_slirq_s1_prevalence_unknown_initial.txt,DANKWA2022/DANKWA2022_slirq_s1_prevalence_unknown_initial_anonymized.txt,unknown_parameter,a,p1
DANKWA2022/DANKWA2022_slirq_s1_prevalence_unknown_initial.txt,DANKWA2022/DANKWA2022_slirq_s1_prevalence_unknown_initial_anonymized.txt,unknown_parameter,b,p2
DANKWA2022/DANKWA2022_slirq_s1_prevalence_unknown_initial.txt,DANKWA2022/DANKWA2022_slirq_s1_prevalence_unknown_initial_anonymized.txt,unknown_parameter,e,p3
DANKWA2022/DANKWA2022_slirq_s1_prevalence_unknown_initial.txt,DANKWA2022/DANKWA2022_slirq_s1_prevalence_unknown_initial_anonymized.txt,unknown_parameter,g,p4
DANKWA2022/DANKWA2022_slirq_s1_prevalence_unknown_initial.txt,DANKWA2022/DANKWA2022_slirq_s1_prevalence_unknown_initial_anonymized.txt,unknown_parameter,s,p5
DANKWA2022/DANKWA2022_slirq_s1_prevalence_unknown_initial.txt,DANKWA2022/DANKWA2022_slirq_s1_prevalence_unknown_initial_anonymized.txt,known_input_or_constant,u,u1
DANKWA2022/DANKWA2022_slirq_s2_incidence_known_nh_known_initial.txt,DANKWA2022/DANKWA2022_slirq_s2_incidence_known_nh_known_initial_anonymized.txt,state,S,x1
DANKWA2022/DANKWA2022_slirq_s2_incidence_known_nh_known_initial.txt,DANKWA2022/DANKWA2022_slirq_s2_incidence_known_nh_known_initial_anonymized.txt,state,L,x2
DANKWA2022/DANKWA2022_slirq_s2_incidence_known_nh_known_initial.txt,DANKWA2022/DANKWA2022_slirq_s2_incidence_known_nh_known_initial_anonymized.txt,state,In,x3
DANKWA2022/DANKWA2022_slirq_s2_incidence_known_nh_known_initial.txt,DANKWA2022/DANKWA2022_slirq_s2_incidence_known_nh_known_initial_anonymized.txt,state,R,x4
DANKWA2022/DANKWA2022_slirq_s2_incidence_known_nh_known_initial.txt,DANKWA2022/DANKWA2022_slirq_s2_incidence_known_nh_known_initial_anonymized.txt,state,Q,x5
DANKWA2022/DANKWA2022_slirq_s2_incidence_known_nh_known_initial.txt,DANKWA2022/DANKWA2022_slirq_s2_incidence_known_nh_known_initial_anonymized.txt,unknown_parameter,b,p1
DANKWA2022/DANKWA2022_slirq_s2_incidence_known_nh_known_initial.txt,DANKWA2022/DANKWA2022_slirq_s2_incidence_known_nh_known_initial_anonymized.txt,known_input_or_constant,a,c1
DANKWA2022/DANKWA2022_slirq_s2_incidence_known_nh_known_initial.txt,DANKWA2022/DANKWA2022_slirq_s2_incidence_known_nh_known_initial_anonymized.txt,known_input_or_constant,e,c2
DANKWA2022/DANKWA2022_slirq_s2_incidence_known_nh_known_initial.txt,DANKWA2022/DANKWA2022_slirq_s2_incidence_known_nh_known_initial_anonymized.txt,known_input_or_constant,g,c3
DANKWA2022/DANKWA2022_slirq_s2_incidence_known_nh_known_initial.txt,DANKWA2022/DANKWA2022_slirq_s2_incidence_known_nh_known_initial_anonymized.txt,known_input_or_constant,s,c4
DANKWA2022/DANKWA2022_slirq_s2_incidence_known_nh_known_initial.txt,DANKWA2022/DANKWA2022_slirq_s2_incidence_known_nh_known_initial_anonymized.txt,known_input_or_constant,u,u1
DANKWA2022/DANKWA2022_slirq_s2_incidence_known_nh_unknown_initial.txt,DANKWA2022/DANKWA2022_slirq_s2_incidence_known_nh_unknown_initial_anonymized.txt,state,S,x1
DANKWA2022/DANKWA2022_slirq_s2_incidence_known_nh_unknown_initial.txt,DANKWA2022/DANKWA2022_slirq_s2_incidence_known_nh_unknown_initial_anonymized.txt,state,L,x2
DANKWA2022/DANKWA2022_slirq_s2_incidence_known_nh_unknown_initial.txt,DANKWA2022/DANKWA2022_slirq_s2_incidence_known_nh_unknown_initial_anonymized.txt,state,In,x3
DANKWA2022/DANKWA2022_slirq_s2_incidence_known_nh_unknown_initial.txt,DANKWA2022/DANKWA2022_slirq_s2_incidence_known_nh_unknown_initial_anonymized.txt,state,R,x4
DANKWA2022/DANKWA2022_slirq_s2_incidence_known_nh_unknown_initial.txt,DANKWA2022/DANKWA2022_slirq_s2_incidence_known_nh_unknown_initial_anonymized.txt,state,Q,x5
DANKWA2022/DANKWA2022_slirq_s2_incidence_known_nh_unknown_initial.txt,DANKWA2022/DANKWA2022_slirq_s2_incidence_known_nh_unknown_initial_anonymized.txt,unknown_parameter,b,p1
DANKWA2022/DANKWA2022_slirq_s2_incidence_known_nh_unknown_initial.txt,DANKWA2022/DANKWA2022_slirq_s2_incidence_known_nh_unknown_initial_anonymized.txt,known_input_or_constant,a,c1
DANKWA2022/DANKWA2022_slirq_s2_incidence_known_nh_unknown_initial.txt,DANKWA2022/DANKWA2022_slirq_s2_incidence_known_nh_unknown_initial_anonymized.txt,known_input_or_constant,e,c2
DANKWA2022/DANKWA2022_slirq_s2_incidence_known_nh_unknown_initial.txt,DANKWA2022/DANKWA2022_slirq_s2_incidence_known_nh_unknown_initial_anonymized.txt,known_input_or_constant,g,c3
DANKWA2022/DANKWA2022_slirq_s2_incidence_known_nh_unknown_initial.txt,DANKWA2022/DANKWA2022_slirq_s2_incidence_known_nh_unknown_initial_anonymized.txt,known_input_or_constant,s,c4
DANKWA2022/DANKWA2022_slirq_s2_incidence_known_nh_unknown_initial.txt,DANKWA2022/DANKWA2022_slirq_s2_incidence_known_nh_unknown_initial_anonymized.txt,known_input_or_constant,u,u1
DANKWA2022/DANKWA2022_slirq_s2_prevalence_known_nh_known_initial.txt,DANKWA2022/DANKWA2022_slirq_s2_prevalence_known_nh_known_initial_anonymized.txt,state,S,x1
DANKWA2022/DANKWA2022_slirq_s2_prevalence_known_nh_known_initial.txt,DANKWA2022/DANKWA2022_slirq_s2_prevalence_known_nh_known_initial_anonymized.txt,state,L,x2
DANKWA2022/DANKWA2022_slirq_s2_prevalence_known_nh_known_initial.txt,DANKWA2022/DANKWA2022_slirq_s2_prevalence_known_nh_known_initial_anonymized.txt,state,In,x3
DANKWA2022/DANKWA2022_slirq_s2_prevalence_known_nh_known_initial.txt,DANKWA2022/DANKWA2022_slirq_s2_prevalence_known_nh_known_initial_anonymized.txt,state,R,x4
DANKWA2022/DANKWA2022_slirq_s2_prevalence_known_nh_known_initial.txt,DANKWA2022/DANKWA2022_slirq_s2_prevalence_known_nh_known_initial_anonymized.txt,state,Q,x5
DANKWA2022/DANKWA2022_slirq_s2_prevalence_known_nh_known_initial.txt,DANKWA2022/DANKWA2022_slirq_s2_prevalence_known_nh_known_initial_anonymized.txt,unknown_parameter,b,p1
DANKWA2022/DANKWA2022_slirq_s2_prevalence_known_nh_known_initial.txt,DANKWA2022/DANKWA2022_slirq_s2_prevalence_known_nh_known_initial_anonymized.txt,known_input_or_constant,a,c1
DANKWA2022/DANKWA2022_slirq_s2_prevalence_known_nh_known_initial.txt,DANKWA2022/DANKWA2022_slirq_s2_prevalence_known_nh_known_initial_anonymized.txt,known_input_or_constant,e,c2
DANKWA2022/DANKWA2022_slirq_s2_prevalence_known_nh_known_initial.txt,DANKWA2022/DANKWA2022_slirq_s2_prevalence_known_nh_known_initial_anonymized.txt,known_input_or_constant,g,c3
DANKWA2022/DANKWA2022_slirq_s2_prevalence_known_nh_known_initial.txt,DANKWA2022/DANKWA2022_slirq_s2_prevalence_known_nh_known_initial_anonymized.txt,known_input_or_constant,s,c4
DANKWA2022/DANKWA2022_slirq_s2_prevalence_known_nh_known_initial.txt,DANKWA2022/DANKWA2022_slirq_s2_prevalence_known_nh_known_initial_anonymized.txt,known_input_or_constant,u,u1
DANKWA2022/DANKWA2022_slirq_s2_prevalence_known_nh_unknown_initial.txt,DANKWA2022/DANKWA2022_slirq_s2_prevalence_known_nh_unknown_initial_anonymized.txt,state,S,x1
DANKWA2022/DANKWA2022_slirq_s2_prevalence_known_nh_unknown_initial.txt,DANKWA2022/DANKWA2022_slirq_s2_prevalence_known_nh_unknown_initial_anonymized.txt,state,L,x2
DANKWA2022/DANKWA2022_slirq_s2_prevalence_known_nh_unknown_initial.txt,DANKWA2022/DANKWA2022_slirq_s2_prevalence_known_nh_unknown_initial_anonymized.txt,state,In,x3
DANKWA2022/DANKWA2022_slirq_s2_prevalence_known_nh_unknown_initial.txt,DANKWA2022/DANKWA2022_slirq_s2_prevalence_known_nh_unknown_initial_anonymized.txt,state,R,x4
DANKWA2022/DANKWA2022_slirq_s2_prevalence_known_nh_unknown_initial.txt,DANKWA2022/DANKWA2022_slirq_s2_prevalence_known_nh_unknown_initial_anonymized.txt,state,Q,x5
DANKWA2022/DANKWA2022_slirq_s2_prevalence_known_nh_unknown_initial.txt,DANKWA2022/DANKWA2022_slirq_s2_prevalence_known_nh_unknown_initial_anonymized.txt,unknown_parameter,b,p1
DANKWA2022/DANKWA2022_slirq_s2_prevalence_known_nh_unknown_initial.txt,DANKWA2022/DANKWA2022_slirq_s2_prevalence_known_nh_unknown_initial_anonymized.txt,known_input_or_constant,a,c1
DANKWA2022/DANKWA2022_slirq_s2_prevalence_known_nh_unknown_initial.txt,DANKWA2022/DANKWA2022_slirq_s2_prevalence_known_nh_unknown_initial_anonymized.txt,known_input_or_constant,e,c2
DANKWA2022/DANKWA2022_slirq_s2_prevalence_known_nh_unknown_initial.txt,DANKWA2022/DANKWA2022_slirq_s2_prevalence_known_nh_unknown_initial_anonymized.txt,known_input_or_constant,g,c3
DANKWA2022/DANKWA2022_slirq_s2_prevalence_known_nh_unknown_initial.txt,DANKWA2022/DANKWA2022_slirq_s2_prevalence_known_nh_unknown_initial_anonymized.txt,known_input_or_constant,s,c4
DANKWA2022/DANKWA2022_slirq_s2_prevalence_known_nh_unknown_initial.txt,DANKWA2022/DANKWA2022_slirq_s2_prevalence_known_nh_unknown_initial_anonymized.txt,known_input_or_constant,u,u1
DANKWA2022/DANKWA2022_slirq_s3_incidence_prevalence_known_initial.txt,DANKWA2022/DANKWA2022_slirq_s3_incidence_prevalence_known_initial_anonymized.txt,state,S,x1
DANKWA2022/DANKWA2022_slirq_s3_incidence_prevalence_known_initial.txt,DANKWA2022/DANKWA2022_slirq_s3_incidence_prevalence_known_initial_anonymized.txt,state,L,x2
DANKWA2022/DANKWA2022_slirq_s3_incidence_prevalence_known_initial.txt,DANKWA2022/DANKWA2022_slirq_s3_incidence_prevalence_known_initial_anonymized.txt,state,In,x3
DANKWA2022/DANKWA2022_slirq_s3_incidence_prevalence_known_initial.txt,DANKWA2022/DANKWA2022_slirq_s3_incidence_prevalence_known_initial_anonymized.txt,state,R,x4
DANKWA2022/DANKWA2022_slirq_s3_incidence_prevalence_known_initial.txt,DANKWA2022/DANKWA2022_slirq_s3_incidence_prevalence_known_initial_anonymized.txt,state,Q,x5
DANKWA2022/DANKWA2022_slirq_s3_incidence_prevalence_known_initial.txt,DANKWA2022/DANKWA2022_slirq_s3_incidence_prevalence_known_initial_anonymized.txt,unknown_parameter,a,p1
DANKWA2022/DANKWA2022_slirq_s3_incidence_prevalence_known_initial.txt,DANKWA2022/DANKWA2022_slirq_s3_incidence_prevalence_known_initial_anonymized.txt,unknown_parameter,b,p2
DANKWA2022/DANKWA2022_slirq_s3_incidence_prevalence_known_initial.txt,DANKWA2022/DANKWA2022_slirq_s3_incidence_prevalence_known_initial_anonymized.txt,unknown_parameter,e,p3
DANKWA2022/DANKWA2022_slirq_s3_incidence_prevalence_known_initial.txt,DANKWA2022/DANKWA2022_slirq_s3_incidence_prevalence_known_initial_anonymized.txt,unknown_parameter,g,p4
DANKWA2022/DANKWA2022_slirq_s3_incidence_prevalence_known_initial.txt,DANKWA2022/DANKWA2022_slirq_s3_incidence_prevalence_known_initial_anonymized.txt,unknown_parameter,s,p5
DANKWA2022/DANKWA2022_slirq_s3_incidence_prevalence_known_initial.txt,DANKWA2022/DANKWA2022_slirq_s3_incidence_prevalence_known_initial_anonymized.txt,known_input_or_constant,u,u1
DANKWA2022/DANKWA2022_slirq_s3_incidence_prevalence_unknown_initial.txt,DANKWA2022/DANKWA2022_slirq_s3_incidence_prevalence_unknown_initial_anonymized.txt,state,S,x1
DANKWA2022/DANKWA2022_slirq_s3_incidence_prevalence_unknown_initial.txt,DANKWA2022/DANKWA2022_slirq_s3_incidence_prevalence_unknown_initial_anonymized.txt,state,L,x2
DANKWA2022/DANKWA2022_slirq_s3_incidence_prevalence_unknown_initial.txt,DANKWA2022/DANKWA2022_slirq_s3_incidence_prevalence_unknown_initial_anonymized.txt,state,In,x3
DANKWA2022/DANKWA2022_slirq_s3_incidence_prevalence_unknown_initial.txt,DANKWA2022/DANKWA2022_slirq_s3_incidence_prevalence_unknown_initial_anonymized.txt,state,R,x4
DANKWA2022/DANKWA2022_slirq_s3_incidence_prevalence_unknown_initial.txt,DANKWA2022/DANKWA2022_slirq_s3_incidence_prevalence_unknown_initial_anonymized.txt,state,Q,x5
DANKWA2022/DANKWA2022_slirq_s3_incidence_prevalence_unknown_initial.txt,DANKWA2022/DANKWA2022_slirq_s3_incidence_prevalence_unknown_initial_anonymized.txt,unknown_parameter,a,p1
DANKWA2022/DANKWA2022_slirq_s3_incidence_prevalence_unknown_initial.txt,DANKWA2022/DANKWA2022_slirq_s3_incidence_prevalence_unknown_initial_anonymized.txt,unknown_parameter,b,p2
DANKWA2022/DANKWA2022_slirq_s3_incidence_prevalence_unknown_initial.txt,DANKWA2022/DANKWA2022_slirq_s3_incidence_prevalence_unknown_initial_anonymized.txt,unknown_parameter,e,p3
DANKWA2022/DANKWA2022_slirq_s3_incidence_prevalence_unknown_initial.txt,DANKWA2022/DANKWA2022_slirq_s3_incidence_prevalence_unknown_initial_anonymized.txt,unknown_parameter,g,p4
DANKWA2022/DANKWA2022_slirq_s3_incidence_prevalence_unknown_initial.txt,DANKWA2022/DANKWA2022_slirq_s3_incidence_prevalence_unknown_initial_anonymized.txt,unknown_parameter,s,p5
DANKWA2022/DANKWA2022_slirq_s3_incidence_prevalence_unknown_initial.txt,DANKWA2022/DANKWA2022_slirq_s3_incidence_prevalence_unknown_initial_anonymized.txt,known_input_or_constant,u,u1
DANKWA2022/DANKWA2022_slirq_s4_incidence_prevalence_known_nh_known_initial.txt,DANKWA2022/DANKWA2022_slirq_s4_incidence_prevalence_known_nh_known_initial_anonymized.txt,state,S,x1
DANKWA2022/DANKWA2022_slirq_s4_incidence_prevalence_known_nh_known_initial.txt,DANKWA2022/DANKWA2022_slirq_s4_incidence_prevalence_known_nh_known_initial_anonymized.txt,state,L,x2
DANKWA2022/DANKWA2022_slirq_s4_incidence_prevalence_known_nh_known_initial.txt,DANKWA2022/DANKWA2022_slirq_s4_incidence_prevalence_known_nh_known_initial_anonymized.txt,state,In,x3
DANKWA2022/DANKWA2022_slirq_s4_incidence_prevalence_known_nh_known_initial.txt,DANKWA2022/DANKWA2022_slirq_s4_incidence_prevalence_known_nh_known_initial_anonymized.txt,state,R,x4
DANKWA2022/DANKWA2022_slirq_s4_incidence_prevalence_known_nh_known_initial.txt,DANKWA2022/DANKWA2022_slirq_s4_incidence_prevalence_known_nh_known_initial_anonymized.txt,state,Q,x5
DANKWA2022/DANKWA2022_slirq_s4_incidence_prevalence_known_nh_known_initial.txt,DANKWA2022/DANKWA2022_slirq_s4_incidence_prevalence_known_nh_known_initial_anonymized.txt,unknown_parameter,b,p1
DANKWA2022/DANKWA2022_slirq_s4_incidence_prevalence_known_nh_known_initial.txt,DANKWA2022/DANKWA2022_slirq_s4_incidence_prevalence_known_nh_known_initial_anonymized.txt,known_input_or_constant,a,c1
DANKWA2022/DANKWA2022_slirq_s4_incidence_prevalence_known_nh_known_initial.txt,DANKWA2022/DANKWA2022_slirq_s4_incidence_prevalence_known_nh_known_initial_anonymized.txt,known_input_or_constant,e,c2
DANKWA2022/DANKWA2022_slirq_s4_incidence_prevalence_known_nh_known_initial.txt,DANKWA2022/DANKWA2022_slirq_s4_incidence_prevalence_known_nh_known_initial_anonymized.txt,known_input_or_constant,g,c3
DANKWA2022/DANKWA2022_slirq_s4_incidence_prevalence_known_nh_known_initial.txt,DANKWA2022/DANKWA2022_slirq_s4_incidence_prevalence_known_nh_known_initial_anonymized.txt,known_input_or_constant,s,c4
DANKWA2022/DANKWA2022_slirq_s4_incidence_prevalence_known_nh_known_initial.txt,DANKWA2022/DANKWA2022_slirq_s4_incidence_prevalence_known_nh_known_initial_anonymized.txt,known_input_or_constant,u,u1
DANKWA2022/DANKWA2022_slirq_s4_incidence_prevalence_known_nh_unknown_initial.txt,DANKWA2022/DANKWA2022_slirq_s4_incidence_prevalence_known_nh_unknown_initial_anonymized.txt,state,S,x1
DANKWA2022/DANKWA2022_slirq_s4_incidence_prevalence_known_nh_unknown_initial.txt,DANKWA2022/DANKWA2022_slirq_s4_incidence_prevalence_known_nh_unknown_initial_anonymized.txt,state,L,x2
DANKWA2022/DANKWA2022_slirq_s4_incidence_prevalence_known_nh_unknown_initial.txt,DANKWA2022/DANKWA2022_slirq_s4_incidence_prevalence_known_nh_unknown_initial_anonymized.txt,state,In,x3
DANKWA2022/DANKWA2022_slirq_s4_incidence_prevalence_known_nh_unknown_initial.txt,DANKWA2022/DANKWA2022_slirq_s4_incidence_prevalence_known_nh_unknown_initial_anonymized.txt,state,R,x4
DANKWA2022/DANKWA2022_slirq_s4_incidence_prevalence_known_nh_unknown_initial.txt,DANKWA2022/DANKWA2022_slirq_s4_incidence_prevalence_known_nh_unknown_initial_anonymized.txt,state,Q,x5
DANKWA2022/DANKWA2022_slirq_s4_incidence_prevalence_known_nh_unknown_initial.txt,DANKWA2022/DANKWA2022_slirq_s4_incidence_prevalence_known_nh_unknown_initial_anonymized.txt,unknown_parameter,b,p1
DANKWA2022/DANKWA2022_slirq_s4_incidence_prevalence_known_nh_unknown_initial.txt,DANKWA2022/DANKWA2022_slirq_s4_incidence_prevalence_known_nh_unknown_initial_anonymized.txt,known_input_or_constant,a,c1
DANKWA2022/DANKWA2022_slirq_s4_incidence_prevalence_known_nh_unknown_initial.txt,DANKWA2022/DANKWA2022_slirq_s4_incidence_prevalence_known_nh_unknown_initial_anonymized.txt,known_input_or_constant,e,c2
DANKWA2022/DANKWA2022_slirq_s4_incidence_prevalence_known_nh_unknown_initial.txt,DANKWA2022/DANKWA2022_slirq_s4_incidence_prevalence_known_nh_unknown_initial_anonymized.txt,known_input_or_constant,g,c3
DANKWA2022/DANKWA2022_slirq_s4_incidence_prevalence_known_nh_unknown_initial.txt,DANKWA2022/DANKWA2022_slirq_s4_incidence_prevalence_known_nh_unknown_initial_anonymized.txt,known_input_or_constant,s,c4
DANKWA2022/DANKWA2022_slirq_s4_incidence_prevalence_known_nh_unknown_initial.txt,DANKWA2022/DANKWA2022_slirq_s4_incidence_prevalence_known_nh_unknown_initial_anonymized.txt,known_input_or_constant,u,u1
EISENBERG2013/EISENBERG2013_siwr_prevalence_known_initial.txt,EISENBERG2013/EISENBERG2013_siwr_prevalence_known_initial_anonymized.txt,state,s,x1
EISENBERG2013/EISENBERG2013_siwr_prevalence_known_initial.txt,EISENBERG2013/EISENBERG2013_siwr_prevalence_known_initial_anonymized.txt,state,i,x2
EISENBERG2013/EISENBERG2013_siwr_prevalence_known_initial.txt,EISENBERG2013/EISENBERG2013_siwr_prevalence_known_initial_anonymized.txt,state,w,x3
EISENBERG2013/EISENBERG2013_siwr_prevalence_known_initial.txt,EISENBERG2013/EISENBERG2013_siwr_prevalence_known_initial_anonymized.txt,state,r,x4
EISENBERG2013/EISENBERG2013_siwr_prevalence_known_initial.txt,EISENBERG2013/EISENBERG2013_siwr_prevalence_known_initial_anonymized.txt,unknown_parameter,beta_I,p1
EISENBERG2013/EISENBERG2013_siwr_prevalence_known_initial.txt,EISENBERG2013/EISENBERG2013_siwr_prevalence_known_initial_anonymized.txt,unknown_parameter,beta_W,p2
EISENBERG2013/EISENBERG2013_siwr_prevalence_known_initial.txt,EISENBERG2013/EISENBERG2013_siwr_prevalence_known_initial_anonymized.txt,unknown_parameter,gamma,p3
EISENBERG2013/EISENBERG2013_siwr_prevalence_known_initial.txt,EISENBERG2013/EISENBERG2013_siwr_prevalence_known_initial_anonymized.txt,unknown_parameter,k,p4
EISENBERG2013/EISENBERG2013_siwr_prevalence_known_initial.txt,EISENBERG2013/EISENBERG2013_siwr_prevalence_known_initial_anonymized.txt,unknown_parameter,mu,p5
EISENBERG2013/EISENBERG2013_siwr_prevalence_known_initial.txt,EISENBERG2013/EISENBERG2013_siwr_prevalence_known_initial_anonymized.txt,unknown_parameter,xi,p6
EISENBERG2013/EISENBERG2013_siwr_prevalence_unknown_initial.txt,EISENBERG2013/EISENBERG2013_siwr_prevalence_unknown_initial_anonymized.txt,state,s,x1
EISENBERG2013/EISENBERG2013_siwr_prevalence_unknown_initial.txt,EISENBERG2013/EISENBERG2013_siwr_prevalence_unknown_initial_anonymized.txt,state,i,x2
EISENBERG2013/EISENBERG2013_siwr_prevalence_unknown_initial.txt,EISENBERG2013/EISENBERG2013_siwr_prevalence_unknown_initial_anonymized.txt,state,w,x3
EISENBERG2013/EISENBERG2013_siwr_prevalence_unknown_initial.txt,EISENBERG2013/EISENBERG2013_siwr_prevalence_unknown_initial_anonymized.txt,state,r,x4
EISENBERG2013/EISENBERG2013_siwr_prevalence_unknown_initial.txt,EISENBERG2013/EISENBERG2013_siwr_prevalence_unknown_initial_anonymized.txt,unknown_parameter,beta_I,p1
EISENBERG2013/EISENBERG2013_siwr_prevalence_unknown_initial.txt,EISENBERG2013/EISENBERG2013_siwr_prevalence_unknown_initial_anonymized.txt,unknown_parameter,beta_W,p2
EISENBERG2013/EISENBERG2013_siwr_prevalence_unknown_initial.txt,EISENBERG2013/EISENBERG2013_siwr_prevalence_unknown_initial_anonymized.txt,unknown_parameter,gamma,p3
EISENBERG2013/EISENBERG2013_siwr_prevalence_unknown_initial.txt,EISENBERG2013/EISENBERG2013_siwr_prevalence_unknown_initial_anonymized.txt,unknown_parameter,k,p4
EISENBERG2013/EISENBERG2013_siwr_prevalence_unknown_initial.txt,EISENBERG2013/EISENBERG2013_siwr_prevalence_unknown_initial_anonymized.txt,unknown_parameter,mu,p5
EISENBERG2013/EISENBERG2013_siwr_prevalence_unknown_initial.txt,EISENBERG2013/EISENBERG2013_siwr_prevalence_unknown_initial_anonymized.txt,unknown_parameter,xi,p6
GIORDANO2020/GIORDANO2020_sidarthe_direct_outputs.txt,GIORDANO2020/GIORDANO2020_sidarthe_direct_outputs_anonymized.txt,state,S,x1
GIORDANO2020/GIORDANO2020_sidarthe_direct_outputs.txt,GIORDANO2020/GIORDANO2020_sidarthe_direct_outputs_anonymized.txt,state,I,x2
GIORDANO2020/GIORDANO2020_sidarthe_direct_outputs.txt,GIORDANO2020/GIORDANO2020_sidarthe_direct_outputs_anonymized.txt,state,D,x3
GIORDANO2020/GIORDANO2020_sidarthe_direct_outputs.txt,GIORDANO2020/GIORDANO2020_sidarthe_direct_outputs_anonymized.txt,state,A,x4
GIORDANO2020/GIORDANO2020_sidarthe_direct_outputs.txt,GIORDANO2020/GIORDANO2020_sidarthe_direct_outputs_anonymized.txt,state,R,x5
GIORDANO2020/GIORDANO2020_sidarthe_direct_outputs.txt,GIORDANO2020/GIORDANO2020_sidarthe_direct_outputs_anonymized.txt,state,T,x6
GIORDANO2020/GIORDANO2020_sidarthe_direct_outputs.txt,GIORDANO2020/GIORDANO2020_sidarthe_direct_outputs_anonymized.txt,state,H,x7
GIORDANO2020/GIORDANO2020_sidarthe_direct_outputs.txt,GIORDANO2020/GIORDANO2020_sidarthe_direct_outputs_anonymized.txt,state,E,x8
GIORDANO2020/GIORDANO2020_sidarthe_direct_outputs.txt,GIORDANO2020/GIORDANO2020_sidarthe_direct_outputs_anonymized.txt,unknown_parameter,alpha,p1
GIORDANO2020/GIORDANO2020_sidarthe_direct_outputs.txt,GIORDANO2020/GIORDANO2020_sidarthe_direct_outputs_anonymized.txt,unknown_parameter,beta,p2
GIORDANO2020/GIORDANO2020_sidarthe_direct_outputs.txt,GIORDANO2020/GIORDANO2020_sidarthe_direct_outputs_anonymized.txt,unknown_parameter,delta,p3
GIORDANO2020/GIORDANO2020_sidarthe_direct_outputs.txt,GIORDANO2020/GIORDANO2020_sidarthe_direct_outputs_anonymized.txt,unknown_parameter,epsilon,p4
GIORDANO2020/GIORDANO2020_sidarthe_direct_outputs.txt,GIORDANO2020/GIORDANO2020_sidarthe_direct_outputs_anonymized.txt,unknown_parameter,eta,p5
GIORDANO2020/GIORDANO2020_sidarthe_direct_outputs.txt,GIORDANO2020/GIORDANO2020_sidarthe_direct_outputs_anonymized.txt,unknown_parameter,gamma,p6
GIORDANO2020/GIORDANO2020_sidarthe_direct_outputs.txt,GIORDANO2020/GIORDANO2020_sidarthe_direct_outputs_anonymized.txt,unknown_parameter,kappa,p7
GIORDANO2020/GIORDANO2020_sidarthe_direct_outputs.txt,GIORDANO2020/GIORDANO2020_sidarthe_direct_outputs_anonymized.txt,unknown_parameter,lambda,p8
GIORDANO2020/GIORDANO2020_sidarthe_direct_outputs.txt,GIORDANO2020/GIORDANO2020_sidarthe_direct_outputs_anonymized.txt,unknown_parameter,mu,p9
GIORDANO2020/GIORDANO2020_sidarthe_direct_outputs.txt,GIORDANO2020/GIORDANO2020_sidarthe_direct_outputs_anonymized.txt,unknown_parameter,nu,p10
GIORDANO2020/GIORDANO2020_sidarthe_direct_outputs.txt,GIORDANO2020/GIORDANO2020_sidarthe_direct_outputs_anonymized.txt,unknown_parameter,rho,p11
GIORDANO2020/GIORDANO2020_sidarthe_direct_outputs.txt,GIORDANO2020/GIORDANO2020_sidarthe_direct_outputs_anonymized.txt,unknown_parameter,sigma,p12
GIORDANO2020/GIORDANO2020_sidarthe_direct_outputs.txt,GIORDANO2020/GIORDANO2020_sidarthe_direct_outputs_anonymized.txt,unknown_parameter,tau,p13
GIORDANO2020/GIORDANO2020_sidarthe_direct_outputs.txt,GIORDANO2020/GIORDANO2020_sidarthe_direct_outputs_anonymized.txt,unknown_parameter,theta,p14
GIORDANO2020/GIORDANO2020_sidarthe_direct_outputs.txt,GIORDANO2020/GIORDANO2020_sidarthe_direct_outputs_anonymized.txt,unknown_parameter,xi,p15
GIORDANO2020/GIORDANO2020_sidarthe_direct_outputs.txt,GIORDANO2020/GIORDANO2020_sidarthe_direct_outputs_anonymized.txt,unknown_parameter,zeta,p16
GIORDANO2020/GIORDANO2020_sidarthe_direct_outputs_unknown.txt,GIORDANO2020/GIORDANO2020_sidarthe_direct_outputs_unknown_anonymized.txt,state,S,x1
GIORDANO2020/GIORDANO2020_sidarthe_direct_outputs_unknown.txt,GIORDANO2020/GIORDANO2020_sidarthe_direct_outputs_unknown_anonymized.txt,state,I,x2
GIORDANO2020/GIORDANO2020_sidarthe_direct_outputs_unknown.txt,GIORDANO2020/GIORDANO2020_sidarthe_direct_outputs_unknown_anonymized.txt,state,D,x3
GIORDANO2020/GIORDANO2020_sidarthe_direct_outputs_unknown.txt,GIORDANO2020/GIORDANO2020_sidarthe_direct_outputs_unknown_anonymized.txt,state,A,x4
GIORDANO2020/GIORDANO2020_sidarthe_direct_outputs_unknown.txt,GIORDANO2020/GIORDANO2020_sidarthe_direct_outputs_unknown_anonymized.txt,state,R,x5
GIORDANO2020/GIORDANO2020_sidarthe_direct_outputs_unknown.txt,GIORDANO2020/GIORDANO2020_sidarthe_direct_outputs_unknown_anonymized.txt,state,T,x6
GIORDANO2020/GIORDANO2020_sidarthe_direct_outputs_unknown.txt,GIORDANO2020/GIORDANO2020_sidarthe_direct_outputs_unknown_anonymized.txt,state,H,x7
GIORDANO2020/GIORDANO2020_sidarthe_direct_outputs_unknown.txt,GIORDANO2020/GIORDANO2020_sidarthe_direct_outputs_unknown_anonymized.txt,state,E,x8
GIORDANO2020/GIORDANO2020_sidarthe_direct_outputs_unknown.txt,GIORDANO2020/GIORDANO2020_sidarthe_direct_outputs_unknown_anonymized.txt,unknown_parameter,alpha,p1
GIORDANO2020/GIORDANO2020_sidarthe_direct_outputs_unknown.txt,GIORDANO2020/GIORDANO2020_sidarthe_direct_outputs_unknown_anonymized.txt,unknown_parameter,beta,p2
GIORDANO2020/GIORDANO2020_sidarthe_direct_outputs_unknown.txt,GIORDANO2020/GIORDANO2020_sidarthe_direct_outputs_unknown_anonymized.txt,unknown_parameter,delta,p3
GIORDANO2020/GIORDANO2020_sidarthe_direct_outputs_unknown.txt,GIORDANO2020/GIORDANO2020_sidarthe_direct_outputs_unknown_anonymized.txt,unknown_parameter,epsilon,p4
GIORDANO2020/GIORDANO2020_sidarthe_direct_outputs_unknown.txt,GIORDANO2020/GIORDANO2020_sidarthe_direct_outputs_unknown_anonymized.txt,unknown_parameter,eta,p5
GIORDANO2020/GIORDANO2020_sidarthe_direct_outputs_unknown.txt,GIORDANO2020/GIORDANO2020_sidarthe_direct_outputs_unknown_anonymized.txt,unknown_parameter,gamma,p6
GIORDANO2020/GIORDANO2020_sidarthe_direct_outputs_unknown.txt,GIORDANO2020/GIORDANO2020_sidarthe_direct_outputs_unknown_anonymized.txt,unknown_parameter,kappa,p7
GIORDANO2020/GIORDANO2020_sidarthe_direct_outputs_unknown.txt,GIORDANO2020/GIORDANO2020_sidarthe_direct_outputs_unknown_anonymized.txt,unknown_parameter,lambda,p8
GIORDANO2020/GIORDANO2020_sidarthe_direct_outputs_unknown.txt,GIORDANO2020/GIORDANO2020_sidarthe_direct_outputs_unknown_anonymized.txt,unknown_parameter,mu,p9
GIORDANO2020/GIORDANO2020_sidarthe_direct_outputs_unknown.txt,GIORDANO2020/GIORDANO2020_sidarthe_direct_outputs_unknown_anonymized.txt,unknown_parameter,nu,p10
GIORDANO2020/GIORDANO2020_sidarthe_direct_outputs_unknown.txt,GIORDANO2020/GIORDANO2020_sidarthe_direct_outputs_unknown_anonymized.txt,unknown_parameter,rho,p11
GIORDANO2020/GIORDANO2020_sidarthe_direct_outputs_unknown.txt,GIORDANO2020/GIORDANO2020_sidarthe_direct_outputs_unknown_anonymized.txt,unknown_parameter,sigma,p12
GIORDANO2020/GIORDANO2020_sidarthe_direct_outputs_unknown.txt,GIORDANO2020/GIORDANO2020_sidarthe_direct_outputs_unknown_anonymized.txt,unknown_parameter,tau,p13
GIORDANO2020/GIORDANO2020_sidarthe_direct_outputs_unknown.txt,GIORDANO2020/GIORDANO2020_sidarthe_direct_outputs_unknown_anonymized.txt,unknown_parameter,theta,p14
GIORDANO2020/GIORDANO2020_sidarthe_direct_outputs_unknown.txt,GIORDANO2020/GIORDANO2020_sidarthe_direct_outputs_unknown_anonymized.txt,unknown_parameter,xi,p15
GIORDANO2020/GIORDANO2020_sidarthe_direct_outputs_unknown.txt,GIORDANO2020/GIORDANO2020_sidarthe_direct_outputs_unknown_anonymized.txt,unknown_parameter,zeta,p16
GIORDANO2020/GIORDANO2020_sidarthe_reconstructed_surveillance.txt,GIORDANO2020/GIORDANO2020_sidarthe_reconstructed_surveillance_anonymized.txt,state,S,x1
GIORDANO2020/GIORDANO2020_sidarthe_reconstructed_surveillance.txt,GIORDANO2020/GIORDANO2020_sidarthe_reconstructed_surveillance_anonymized.txt,state,I,x2
GIORDANO2020/GIORDANO2020_sidarthe_reconstructed_surveillance.txt,GIORDANO2020/GIORDANO2020_sidarthe_reconstructed_surveillance_anonymized.txt,state,D,x3
GIORDANO2020/GIORDANO2020_sidarthe_reconstructed_surveillance.txt,GIORDANO2020/GIORDANO2020_sidarthe_reconstructed_surveillance_anonymized.txt,state,A,x4
GIORDANO2020/GIORDANO2020_sidarthe_reconstructed_surveillance.txt,GIORDANO2020/GIORDANO2020_sidarthe_reconstructed_surveillance_anonymized.txt,state,R,x5
GIORDANO2020/GIORDANO2020_sidarthe_reconstructed_surveillance.txt,GIORDANO2020/GIORDANO2020_sidarthe_reconstructed_surveillance_anonymized.txt,state,T,x6
GIORDANO2020/GIORDANO2020_sidarthe_reconstructed_surveillance.txt,GIORDANO2020/GIORDANO2020_sidarthe_reconstructed_surveillance_anonymized.txt,state,H,x7
GIORDANO2020/GIORDANO2020_sidarthe_reconstructed_surveillance.txt,GIORDANO2020/GIORDANO2020_sidarthe_reconstructed_surveillance_anonymized.txt,state,E,x8
GIORDANO2020/GIORDANO2020_sidarthe_reconstructed_surveillance.txt,GIORDANO2020/GIORDANO2020_sidarthe_reconstructed_surveillance_anonymized.txt,state,G,x9
GIORDANO2020/GIORDANO2020_sidarthe_reconstructed_surveillance.txt,GIORDANO2020/GIORDANO2020_sidarthe_reconstructed_surveillance_anonymized.txt,unknown_parameter,alpha,p1
GIORDANO2020/GIORDANO2020_sidarthe_reconstructed_surveillance.txt,GIORDANO2020/GIORDANO2020_sidarthe_reconstructed_surveillance_anonymized.txt,unknown_parameter,beta,p2
GIORDANO2020/GIORDANO2020_sidarthe_reconstructed_surveillance.txt,GIORDANO2020/GIORDANO2020_sidarthe_reconstructed_surveillance_anonymized.txt,unknown_parameter,delta,p3
GIORDANO2020/GIORDANO2020_sidarthe_reconstructed_surveillance.txt,GIORDANO2020/GIORDANO2020_sidarthe_reconstructed_surveillance_anonymized.txt,unknown_parameter,epsilon,p4
GIORDANO2020/GIORDANO2020_sidarthe_reconstructed_surveillance.txt,GIORDANO2020/GIORDANO2020_sidarthe_reconstructed_surveillance_anonymized.txt,unknown_parameter,eta,p5
GIORDANO2020/GIORDANO2020_sidarthe_reconstructed_surveillance.txt,GIORDANO2020/GIORDANO2020_sidarthe_reconstructed_surveillance_anonymized.txt,unknown_parameter,gamma,p6
GIORDANO2020/GIORDANO2020_sidarthe_reconstructed_surveillance.txt,GIORDANO2020/GIORDANO2020_sidarthe_reconstructed_surveillance_anonymized.txt,unknown_parameter,kappa,p7
GIORDANO2020/GIORDANO2020_sidarthe_reconstructed_surveillance.txt,GIORDANO2020/GIORDANO2020_sidarthe_reconstructed_surveillance_anonymized.txt,unknown_parameter,lambda,p8
GIORDANO2020/GIORDANO2020_sidarthe_reconstructed_surveillance.txt,GIORDANO2020/GIORDANO2020_sidarthe_reconstructed_surveillance_anonymized.txt,unknown_parameter,mu,p9
GIORDANO2020/GIORDANO2020_sidarthe_reconstructed_surveillance.txt,GIORDANO2020/GIORDANO2020_sidarthe_reconstructed_surveillance_anonymized.txt,unknown_parameter,nu,p10
GIORDANO2020/GIORDANO2020_sidarthe_reconstructed_surveillance.txt,GIORDANO2020/GIORDANO2020_sidarthe_reconstructed_surveillance_anonymized.txt,unknown_parameter,rho,p11
GIORDANO2020/GIORDANO2020_sidarthe_reconstructed_surveillance.txt,GIORDANO2020/GIORDANO2020_sidarthe_reconstructed_surveillance_anonymized.txt,unknown_parameter,sigma,p12
GIORDANO2020/GIORDANO2020_sidarthe_reconstructed_surveillance.txt,GIORDANO2020/GIORDANO2020_sidarthe_reconstructed_surveillance_anonymized.txt,unknown_parameter,tau,p13
GIORDANO2020/GIORDANO2020_sidarthe_reconstructed_surveillance.txt,GIORDANO2020/GIORDANO2020_sidarthe_reconstructed_surveillance_anonymized.txt,unknown_parameter,theta,p14
GIORDANO2020/GIORDANO2020_sidarthe_reconstructed_surveillance.txt,GIORDANO2020/GIORDANO2020_sidarthe_reconstructed_surveillance_anonymized.txt,unknown_parameter,xi,p15
GIORDANO2020/GIORDANO2020_sidarthe_reconstructed_surveillance.txt,GIORDANO2020/GIORDANO2020_sidarthe_reconstructed_surveillance_anonymized.txt,unknown_parameter,zeta,p16
GIORDANO2020/GIORDANO2020_sidarthe_reconstructed_surveillance_unknown.txt,GIORDANO2020/GIORDANO2020_sidarthe_reconstructed_surveillance_unknown_anonymized.txt,state,S,x1
GIORDANO2020/GIORDANO2020_sidarthe_reconstructed_surveillance_unknown.txt,GIORDANO2020/GIORDANO2020_sidarthe_reconstructed_surveillance_unknown_anonymized.txt,state,I,x2
GIORDANO2020/GIORDANO2020_sidarthe_reconstructed_surveillance_unknown.txt,GIORDANO2020/GIORDANO2020_sidarthe_reconstructed_surveillance_unknown_anonymized.txt,state,D,x3
GIORDANO2020/GIORDANO2020_sidarthe_reconstructed_surveillance_unknown.txt,GIORDANO2020/GIORDANO2020_sidarthe_reconstructed_surveillance_unknown_anonymized.txt,state,A,x4
GIORDANO2020/GIORDANO2020_sidarthe_reconstructed_surveillance_unknown.txt,GIORDANO2020/GIORDANO2020_sidarthe_reconstructed_surveillance_unknown_anonymized.txt,state,R,x5
GIORDANO2020/GIORDANO2020_sidarthe_reconstructed_surveillance_unknown.txt,GIORDANO2020/GIORDANO2020_sidarthe_reconstructed_surveillance_unknown_anonymized.txt,state,T,x6
GIORDANO2020/GIORDANO2020_sidarthe_reconstructed_surveillance_unknown.txt,GIORDANO2020/GIORDANO2020_sidarthe_reconstructed_surveillance_unknown_anonymized.txt,state,H,x7
GIORDANO2020/GIORDANO2020_sidarthe_reconstructed_surveillance_unknown.txt,GIORDANO2020/GIORDANO2020_sidarthe_reconstructed_surveillance_unknown_anonymized.txt,state,E,x8
GIORDANO2020/GIORDANO2020_sidarthe_reconstructed_surveillance_unknown.txt,GIORDANO2020/GIORDANO2020_sidarthe_reconstructed_surveillance_unknown_anonymized.txt,state,G,x9
GIORDANO2020/GIORDANO2020_sidarthe_reconstructed_surveillance_unknown.txt,GIORDANO2020/GIORDANO2020_sidarthe_reconstructed_surveillance_unknown_anonymized.txt,unknown_parameter,alpha,p1
GIORDANO2020/GIORDANO2020_sidarthe_reconstructed_surveillance_unknown.txt,GIORDANO2020/GIORDANO2020_sidarthe_reconstructed_surveillance_unknown_anonymized.txt,unknown_parameter,beta,p2
GIORDANO2020/GIORDANO2020_sidarthe_reconstructed_surveillance_unknown.txt,GIORDANO2020/GIORDANO2020_sidarthe_reconstructed_surveillance_unknown_anonymized.txt,unknown_parameter,delta,p3
GIORDANO2020/GIORDANO2020_sidarthe_reconstructed_surveillance_unknown.txt,GIORDANO2020/GIORDANO2020_sidarthe_reconstructed_surveillance_unknown_anonymized.txt,unknown_parameter,epsilon,p4
GIORDANO2020/GIORDANO2020_sidarthe_reconstructed_surveillance_unknown.txt,GIORDANO2020/GIORDANO2020_sidarthe_reconstructed_surveillance_unknown_anonymized.txt,unknown_parameter,eta,p5
GIORDANO2020/GIORDANO2020_sidarthe_reconstructed_surveillance_unknown.txt,GIORDANO2020/GIORDANO2020_sidarthe_reconstructed_surveillance_unknown_anonymized.txt,unknown_parameter,gamma,p6
GIORDANO2020/GIORDANO2020_sidarthe_reconstructed_surveillance_unknown.txt,GIORDANO2020/GIORDANO2020_sidarthe_reconstructed_surveillance_unknown_anonymized.txt,unknown_parameter,kappa,p7
GIORDANO2020/GIORDANO2020_sidarthe_reconstructed_surveillance_unknown.txt,GIORDANO2020/GIORDANO2020_sidarthe_reconstructed_surveillance_unknown_anonymized.txt,unknown_parameter,lambda,p8
GIORDANO2020/GIORDANO2020_sidarthe_reconstructed_surveillance_unknown.txt,GIORDANO2020/GIORDANO2020_sidarthe_reconstructed_surveillance_unknown_anonymized.txt,unknown_parameter,mu,p9
GIORDANO2020/GIORDANO2020_sidarthe_reconstructed_surveillance_unknown.txt,GIORDANO2020/GIORDANO2020_sidarthe_reconstructed_surveillance_unknown_anonymized.txt,unknown_parameter,nu,p10
GIORDANO2020/GIORDANO2020_sidarthe_reconstructed_surveillance_unknown.txt,GIORDANO2020/GIORDANO2020_sidarthe_reconstructed_surveillance_unknown_anonymized.txt,unknown_parameter,rho,p11
GIORDANO2020/GIORDANO2020_sidarthe_reconstructed_surveillance_unknown.txt,GIORDANO2020/GIORDANO2020_sidarthe_reconstructed_surveillance_unknown_anonymized.txt,unknown_parameter,sigma,p12
GIORDANO2020/GIORDANO2020_sidarthe_reconstructed_surveillance_unknown.txt,GIORDANO2020/GIORDANO2020_sidarthe_reconstructed_surveillance_unknown_anonymized.txt,unknown_parameter,tau,p13
GIORDANO2020/GIORDANO2020_sidarthe_reconstructed_surveillance_unknown.txt,GIORDANO2020/GIORDANO2020_sidarthe_reconstructed_surveillance_unknown_anonymized.txt,unknown_parameter,theta,p14
GIORDANO2020/GIORDANO2020_sidarthe_reconstructed_surveillance_unknown.txt,GIORDANO2020/GIORDANO2020_sidarthe_reconstructed_surveillance_unknown_anonymized.txt,unknown_parameter,xi,p15
GIORDANO2020/GIORDANO2020_sidarthe_reconstructed_surveillance_unknown.txt,GIORDANO2020/GIORDANO2020_sidarthe_reconstructed_surveillance_unknown_anonymized.txt,unknown_parameter,zeta,p16
LIN2020/LIN2020_seir_behavioral_source_known_initial.txt,LIN2020/LIN2020_seir_behavioral_source_known_initial_anonymized.txt,state,S,x1
LIN2020/LIN2020_seir_behavioral_source_known_initial.txt,LIN2020/LIN2020_seir_behavioral_source_known_initial_anonymized.txt,state,E,x2
LIN2020/LIN2020_seir_behavioral_source_known_initial.txt,LIN2020/LIN2020_seir_behavioral_source_known_initial_anonymized.txt,state,I,x3
LIN2020/LIN2020_seir_behavioral_source_known_initial.txt,LIN2020/LIN2020_seir_behavioral_source_known_initial_anonymized.txt,state,R,x4
LIN2020/LIN2020_seir_behavioral_source_known_initial.txt,LIN2020/LIN2020_seir_behavioral_source_known_initial_anonymized.txt,state,N,x5
LIN2020/LIN2020_seir_behavioral_source_known_initial.txt,LIN2020/LIN2020_seir_behavioral_source_known_initial_anonymized.txt,state,D,x6
LIN2020/LIN2020_seir_behavioral_source_known_initial.txt,LIN2020/LIN2020_seir_behavioral_source_known_initial_anonymized.txt,state,C,x7
LIN2020/LIN2020_seir_behavioral_source_known_initial.txt,LIN2020/LIN2020_seir_behavioral_source_known_initial_anonymized.txt,unknown_parameter,beta0,p1
LIN2020/LIN2020_seir_behavioral_source_known_initial.txt,LIN2020/LIN2020_seir_behavioral_source_known_initial_anonymized.txt,unknown_parameter,sigma,p2
LIN2020/LIN2020_seir_behavioral_source_known_initial.txt,LIN2020/LIN2020_seir_behavioral_source_known_initial_anonymized.txt,unknown_parameter,gamma,p3
LIN2020/LIN2020_seir_behavioral_source_known_initial.txt,LIN2020/LIN2020_seir_behavioral_source_known_initial_anonymized.txt,unknown_parameter,d_severe,p4
LIN2020/LIN2020_seir_behavioral_source_known_initial.txt,LIN2020/LIN2020_seir_behavioral_source_known_initial_anonymized.txt,unknown_parameter,lambda_perception,p5
LIN2020/LIN2020_seir_behavioral_source_known_initial.txt,LIN2020/LIN2020_seir_behavioral_source_known_initial_anonymized.txt,unknown_parameter,alpha_reaction,p6
LIN2020/LIN2020_seir_behavioral_source_known_initial.txt,LIN2020/LIN2020_seir_behavioral_source_known_initial_anonymized.txt,unknown_parameter,kappa_behavior,p7
LIN2020/LIN2020_seir_behavioral_source_known_initial.txt,LIN2020/LIN2020_seir_behavioral_source_known_initial_anonymized.txt,known_input_or_constant,F,u1
LIN2020/LIN2020_seir_behavioral_source_known_initial.txt,LIN2020/LIN2020_seir_behavioral_source_known_initial_anonymized.txt,known_input_or_constant,m,u2
LIN2020/LIN2020_seir_behavioral_source_known_initial.txt,LIN2020/LIN2020_seir_behavioral_source_known_initial_anonymized.txt,known_input_or_constant,g_action,u3
LIN2020/LIN2020_seir_behavioral_source_known_initial.txt,LIN2020/LIN2020_seir_behavioral_source_known_initial_anonymized.txt,auxiliary_function,beta,q1
LIN2020/LIN2020_seir_behavioral_source_unknown_initial.txt,LIN2020/LIN2020_seir_behavioral_source_unknown_initial_anonymized.txt,state,S,x1
LIN2020/LIN2020_seir_behavioral_source_unknown_initial.txt,LIN2020/LIN2020_seir_behavioral_source_unknown_initial_anonymized.txt,state,E,x2
LIN2020/LIN2020_seir_behavioral_source_unknown_initial.txt,LIN2020/LIN2020_seir_behavioral_source_unknown_initial_anonymized.txt,state,I,x3
LIN2020/LIN2020_seir_behavioral_source_unknown_initial.txt,LIN2020/LIN2020_seir_behavioral_source_unknown_initial_anonymized.txt,state,R,x4
LIN2020/LIN2020_seir_behavioral_source_unknown_initial.txt,LIN2020/LIN2020_seir_behavioral_source_unknown_initial_anonymized.txt,state,N,x5
LIN2020/LIN2020_seir_behavioral_source_unknown_initial.txt,LIN2020/LIN2020_seir_behavioral_source_unknown_initial_anonymized.txt,state,D,x6
LIN2020/LIN2020_seir_behavioral_source_unknown_initial.txt,LIN2020/LIN2020_seir_behavioral_source_unknown_initial_anonymized.txt,state,C,x7
LIN2020/LIN2020_seir_behavioral_source_unknown_initial.txt,LIN2020/LIN2020_seir_behavioral_source_unknown_initial_anonymized.txt,unknown_parameter,beta0,p1
LIN2020/LIN2020_seir_behavioral_source_unknown_initial.txt,LIN2020/LIN2020_seir_behavioral_source_unknown_initial_anonymized.txt,unknown_parameter,sigma,p2
LIN2020/LIN2020_seir_behavioral_source_unknown_initial.txt,LIN2020/LIN2020_seir_behavioral_source_unknown_initial_anonymized.txt,unknown_parameter,gamma,p3
LIN2020/LIN2020_seir_behavioral_source_unknown_initial.txt,LIN2020/LIN2020_seir_behavioral_source_unknown_initial_anonymized.txt,unknown_parameter,d_severe,p4
LIN2020/LIN2020_seir_behavioral_source_unknown_initial.txt,LIN2020/LIN2020_seir_behavioral_source_unknown_initial_anonymized.txt,unknown_parameter,lambda_perception,p5
LIN2020/LIN2020_seir_behavioral_source_unknown_initial.txt,LIN2020/LIN2020_seir_behavioral_source_unknown_initial_anonymized.txt,unknown_parameter,alpha_reaction,p6
LIN2020/LIN2020_seir_behavioral_source_unknown_initial.txt,LIN2020/LIN2020_seir_behavioral_source_unknown_initial_anonymized.txt,unknown_parameter,kappa_behavior,p7
LIN2020/LIN2020_seir_behavioral_source_unknown_initial.txt,LIN2020/LIN2020_seir_behavioral_source_unknown_initial_anonymized.txt,known_input_or_constant,F,u1
LIN2020/LIN2020_seir_behavioral_source_unknown_initial.txt,LIN2020/LIN2020_seir_behavioral_source_unknown_initial_anonymized.txt,known_input_or_constant,m,u2
LIN2020/LIN2020_seir_behavioral_source_unknown_initial.txt,LIN2020/LIN2020_seir_behavioral_source_unknown_initial_anonymized.txt,known_input_or_constant,g_action,u3
LIN2020/LIN2020_seir_behavioral_source_unknown_initial.txt,LIN2020/LIN2020_seir_behavioral_source_unknown_initial_anonymized.txt,auxiliary_function,beta,q1
LIN2020/LIN2020_seir_known_input_adaptation_known_initial.txt,LIN2020/LIN2020_seir_known_input_adaptation_known_initial_anonymized.txt,state,S,x1
LIN2020/LIN2020_seir_known_input_adaptation_known_initial.txt,LIN2020/LIN2020_seir_known_input_adaptation_known_initial_anonymized.txt,state,E,x2
LIN2020/LIN2020_seir_known_input_adaptation_known_initial.txt,LIN2020/LIN2020_seir_known_input_adaptation_known_initial_anonymized.txt,state,I,x3
LIN2020/LIN2020_seir_known_input_adaptation_known_initial.txt,LIN2020/LIN2020_seir_known_input_adaptation_known_initial_anonymized.txt,state,R,x4
LIN2020/LIN2020_seir_known_input_adaptation_known_initial.txt,LIN2020/LIN2020_seir_known_input_adaptation_known_initial_anonymized.txt,state,N,x5
LIN2020/LIN2020_seir_known_input_adaptation_known_initial.txt,LIN2020/LIN2020_seir_known_input_adaptation_known_initial_anonymized.txt,state,D,x6
LIN2020/LIN2020_seir_known_input_adaptation_known_initial.txt,LIN2020/LIN2020_seir_known_input_adaptation_known_initial_anonymized.txt,state,C,x7
LIN2020/LIN2020_seir_known_input_adaptation_known_initial.txt,LIN2020/LIN2020_seir_known_input_adaptation_known_initial_anonymized.txt,unknown_parameter,beta0,p1
LIN2020/LIN2020_seir_known_input_adaptation_known_initial.txt,LIN2020/LIN2020_seir_known_input_adaptation_known_initial_anonymized.txt,unknown_parameter,sigma,p2
LIN2020/LIN2020_seir_known_input_adaptation_known_initial.txt,LIN2020/LIN2020_seir_known_input_adaptation_known_initial_anonymized.txt,unknown_parameter,gamma,p3
LIN2020/LIN2020_seir_known_input_adaptation_known_initial.txt,LIN2020/LIN2020_seir_known_input_adaptation_known_initial_anonymized.txt,unknown_parameter,d_severe,p4
LIN2020/LIN2020_seir_known_input_adaptation_known_initial.txt,LIN2020/LIN2020_seir_known_input_adaptation_known_initial_anonymized.txt,unknown_parameter,lambda_perception,p5
LIN2020/LIN2020_seir_known_input_adaptation_known_initial.txt,LIN2020/LIN2020_seir_known_input_adaptation_known_initial_anonymized.txt,known_input_or_constant,u_zoonotic,u1
LIN2020/LIN2020_seir_known_input_adaptation_known_initial.txt,LIN2020/LIN2020_seir_known_input_adaptation_known_initial_anonymized.txt,known_input_or_constant,u_contact,u2
LIN2020/LIN2020_seir_known_input_adaptation_known_initial.txt,LIN2020/LIN2020_seir_known_input_adaptation_known_initial_anonymized.txt,known_input_or_constant,u_emigration,u3
LIN2020/LIN2020_seir_known_input_adaptation_unknown_initial.txt,LIN2020/LIN2020_seir_known_input_adaptation_unknown_initial_anonymized.txt,state,S,x1
LIN2020/LIN2020_seir_known_input_adaptation_unknown_initial.txt,LIN2020/LIN2020_seir_known_input_adaptation_unknown_initial_anonymized.txt,state,E,x2
LIN2020/LIN2020_seir_known_input_adaptation_unknown_initial.txt,LIN2020/LIN2020_seir_known_input_adaptation_unknown_initial_anonymized.txt,state,I,x3
LIN2020/LIN2020_seir_known_input_adaptation_unknown_initial.txt,LIN2020/LIN2020_seir_known_input_adaptation_unknown_initial_anonymized.txt,state,R,x4
LIN2020/LIN2020_seir_known_input_adaptation_unknown_initial.txt,LIN2020/LIN2020_seir_known_input_adaptation_unknown_initial_anonymized.txt,state,N,x5
LIN2020/LIN2020_seir_known_input_adaptation_unknown_initial.txt,LIN2020/LIN2020_seir_known_input_adaptation_unknown_initial_anonymized.txt,state,D,x6
LIN2020/LIN2020_seir_known_input_adaptation_unknown_initial.txt,LIN2020/LIN2020_seir_known_input_adaptation_unknown_initial_anonymized.txt,state,C,x7
LIN2020/LIN2020_seir_known_input_adaptation_unknown_initial.txt,LIN2020/LIN2020_seir_known_input_adaptation_unknown_initial_anonymized.txt,unknown_parameter,beta0,p1
LIN2020/LIN2020_seir_known_input_adaptation_unknown_initial.txt,LIN2020/LIN2020_seir_known_input_adaptation_unknown_initial_anonymized.txt,unknown_parameter,sigma,p2
LIN2020/LIN2020_seir_known_input_adaptation_unknown_initial.txt,LIN2020/LIN2020_seir_known_input_adaptation_unknown_initial_anonymized.txt,unknown_parameter,gamma,p3
LIN2020/LIN2020_seir_known_input_adaptation_unknown_initial.txt,LIN2020/LIN2020_seir_known_input_adaptation_unknown_initial_anonymized.txt,unknown_parameter,d_severe,p4
LIN2020/LIN2020_seir_known_input_adaptation_unknown_initial.txt,LIN2020/LIN2020_seir_known_input_adaptation_unknown_initial_anonymized.txt,unknown_parameter,lambda_perception,p5
LIN2020/LIN2020_seir_known_input_adaptation_unknown_initial.txt,LIN2020/LIN2020_seir_known_input_adaptation_unknown_initial_anonymized.txt,known_input_or_constant,u_zoonotic,u1
LIN2020/LIN2020_seir_known_input_adaptation_unknown_initial.txt,LIN2020/LIN2020_seir_known_input_adaptation_unknown_initial_anonymized.txt,known_input_or_constant,u_contact,u2
LIN2020/LIN2020_seir_known_input_adaptation_unknown_initial.txt,LIN2020/LIN2020_seir_known_input_adaptation_unknown_initial_anonymized.txt,known_input_or_constant,u_emigration,u3
LIYANAGE2026/LIYANAGE2026_Model10a_known_initial.txt,LIYANAGE2026/LIYANAGE2026_Model10a_known_initial_anonymized.txt,state,S,x1
LIYANAGE2026/LIYANAGE2026_Model10a_known_initial.txt,LIYANAGE2026/LIYANAGE2026_Model10a_known_initial_anonymized.txt,state,E,x2
LIYANAGE2026/LIYANAGE2026_Model10a_known_initial.txt,LIYANAGE2026/LIYANAGE2026_Model10a_known_initial_anonymized.txt,state,I,x3
LIYANAGE2026/LIYANAGE2026_Model10a_known_initial.txt,LIYANAGE2026/LIYANAGE2026_Model10a_known_initial_anonymized.txt,state,U,x4
LIYANAGE2026/LIYANAGE2026_Model10a_known_initial.txt,LIYANAGE2026/LIYANAGE2026_Model10a_known_initial_anonymized.txt,state,H,x5
LIYANAGE2026/LIYANAGE2026_Model10a_known_initial.txt,LIYANAGE2026/LIYANAGE2026_Model10a_known_initial_anonymized.txt,state,D,x6
LIYANAGE2026/LIYANAGE2026_Model10a_known_initial.txt,LIYANAGE2026/LIYANAGE2026_Model10a_known_initial_anonymized.txt,state,R,x7
LIYANAGE2026/LIYANAGE2026_Model10a_known_initial.txt,LIYANAGE2026/LIYANAGE2026_Model10a_known_initial_anonymized.txt,unknown_parameter,betaI,p1
LIYANAGE2026/LIYANAGE2026_Model10a_known_initial.txt,LIYANAGE2026/LIYANAGE2026_Model10a_known_initial_anonymized.txt,unknown_parameter,betaU,p2
LIYANAGE2026/LIYANAGE2026_Model10a_known_initial.txt,LIYANAGE2026/LIYANAGE2026_Model10a_known_initial_anonymized.txt,unknown_parameter,gamma,p3
LIYANAGE2026/LIYANAGE2026_Model10a_known_initial.txt,LIYANAGE2026/LIYANAGE2026_Model10a_known_initial_anonymized.txt,unknown_parameter,gammaH,p4
LIYANAGE2026/LIYANAGE2026_Model10a_known_initial.txt,LIYANAGE2026/LIYANAGE2026_Model10a_known_initial_anonymized.txt,unknown_parameter,k,p5
LIYANAGE2026/LIYANAGE2026_Model10a_known_initial.txt,LIYANAGE2026/LIYANAGE2026_Model10a_known_initial_anonymized.txt,unknown_parameter,rho,p6
LIYANAGE2026/LIYANAGE2026_Model10a_known_initial.txt,LIYANAGE2026/LIYANAGE2026_Model10a_known_initial_anonymized.txt,unknown_parameter,alpha,p7
LIYANAGE2026/LIYANAGE2026_Model10a_known_initial.txt,LIYANAGE2026/LIYANAGE2026_Model10a_known_initial_anonymized.txt,unknown_parameter,delta,p8
LIYANAGE2026/LIYANAGE2026_Model10a_known_initial.txt,LIYANAGE2026/LIYANAGE2026_Model10a_known_initial_anonymized.txt,known_input_or_constant,N,c1
LIYANAGE2026/LIYANAGE2026_Model10a_unknown_initial.txt,LIYANAGE2026/LIYANAGE2026_Model10a_unknown_initial_anonymized.txt,state,S,x1
LIYANAGE2026/LIYANAGE2026_Model10a_unknown_initial.txt,LIYANAGE2026/LIYANAGE2026_Model10a_unknown_initial_anonymized.txt,state,E,x2
LIYANAGE2026/LIYANAGE2026_Model10a_unknown_initial.txt,LIYANAGE2026/LIYANAGE2026_Model10a_unknown_initial_anonymized.txt,state,I,x3
LIYANAGE2026/LIYANAGE2026_Model10a_unknown_initial.txt,LIYANAGE2026/LIYANAGE2026_Model10a_unknown_initial_anonymized.txt,state,U,x4
LIYANAGE2026/LIYANAGE2026_Model10a_unknown_initial.txt,LIYANAGE2026/LIYANAGE2026_Model10a_unknown_initial_anonymized.txt,state,H,x5
LIYANAGE2026/LIYANAGE2026_Model10a_unknown_initial.txt,LIYANAGE2026/LIYANAGE2026_Model10a_unknown_initial_anonymized.txt,state,D,x6
LIYANAGE2026/LIYANAGE2026_Model10a_unknown_initial.txt,LIYANAGE2026/LIYANAGE2026_Model10a_unknown_initial_anonymized.txt,state,R,x7
LIYANAGE2026/LIYANAGE2026_Model10a_unknown_initial.txt,LIYANAGE2026/LIYANAGE2026_Model10a_unknown_initial_anonymized.txt,unknown_parameter,betaI,p1
LIYANAGE2026/LIYANAGE2026_Model10a_unknown_initial.txt,LIYANAGE2026/LIYANAGE2026_Model10a_unknown_initial_anonymized.txt,unknown_parameter,betaU,p2
LIYANAGE2026/LIYANAGE2026_Model10a_unknown_initial.txt,LIYANAGE2026/LIYANAGE2026_Model10a_unknown_initial_anonymized.txt,unknown_parameter,gamma,p3
LIYANAGE2026/LIYANAGE2026_Model10a_unknown_initial.txt,LIYANAGE2026/LIYANAGE2026_Model10a_unknown_initial_anonymized.txt,unknown_parameter,gammaH,p4
LIYANAGE2026/LIYANAGE2026_Model10a_unknown_initial.txt,LIYANAGE2026/LIYANAGE2026_Model10a_unknown_initial_anonymized.txt,unknown_parameter,k,p5
LIYANAGE2026/LIYANAGE2026_Model10a_unknown_initial.txt,LIYANAGE2026/LIYANAGE2026_Model10a_unknown_initial_anonymized.txt,unknown_parameter,rho,p6
LIYANAGE2026/LIYANAGE2026_Model10a_unknown_initial.txt,LIYANAGE2026/LIYANAGE2026_Model10a_unknown_initial_anonymized.txt,unknown_parameter,alpha,p7
LIYANAGE2026/LIYANAGE2026_Model10a_unknown_initial.txt,LIYANAGE2026/LIYANAGE2026_Model10a_unknown_initial_anonymized.txt,unknown_parameter,delta,p8
LIYANAGE2026/LIYANAGE2026_Model10a_unknown_initial.txt,LIYANAGE2026/LIYANAGE2026_Model10a_unknown_initial_anonymized.txt,unknown_parameter,N,p9
LIYANAGE2026/LIYANAGE2026_Model10b_known_initial.txt,LIYANAGE2026/LIYANAGE2026_Model10b_known_initial_anonymized.txt,state,S,x1
LIYANAGE2026/LIYANAGE2026_Model10b_known_initial.txt,LIYANAGE2026/LIYANAGE2026_Model10b_known_initial_anonymized.txt,state,E,x2
LIYANAGE2026/LIYANAGE2026_Model10b_known_initial.txt,LIYANAGE2026/LIYANAGE2026_Model10b_known_initial_anonymized.txt,state,I,x3
LIYANAGE2026/LIYANAGE2026_Model10b_known_initial.txt,LIYANAGE2026/LIYANAGE2026_Model10b_known_initial_anonymized.txt,state,U,x4
LIYANAGE2026/LIYANAGE2026_Model10b_known_initial.txt,LIYANAGE2026/LIYANAGE2026_Model10b_known_initial_anonymized.txt,state,H,x5
LIYANAGE2026/LIYANAGE2026_Model10b_known_initial.txt,LIYANAGE2026/LIYANAGE2026_Model10b_known_initial_anonymized.txt,state,D,x6
LIYANAGE2026/LIYANAGE2026_Model10b_known_initial.txt,LIYANAGE2026/LIYANAGE2026_Model10b_known_initial_anonymized.txt,state,R,x7
LIYANAGE2026/LIYANAGE2026_Model10b_known_initial.txt,LIYANAGE2026/LIYANAGE2026_Model10b_known_initial_anonymized.txt,unknown_parameter,betaI,p1
LIYANAGE2026/LIYANAGE2026_Model10b_known_initial.txt,LIYANAGE2026/LIYANAGE2026_Model10b_known_initial_anonymized.txt,unknown_parameter,betaU,p2
LIYANAGE2026/LIYANAGE2026_Model10b_known_initial.txt,LIYANAGE2026/LIYANAGE2026_Model10b_known_initial_anonymized.txt,unknown_parameter,gamma,p3
LIYANAGE2026/LIYANAGE2026_Model10b_known_initial.txt,LIYANAGE2026/LIYANAGE2026_Model10b_known_initial_anonymized.txt,unknown_parameter,gammaH,p4
LIYANAGE2026/LIYANAGE2026_Model10b_known_initial.txt,LIYANAGE2026/LIYANAGE2026_Model10b_known_initial_anonymized.txt,unknown_parameter,k,p5
LIYANAGE2026/LIYANAGE2026_Model10b_known_initial.txt,LIYANAGE2026/LIYANAGE2026_Model10b_known_initial_anonymized.txt,unknown_parameter,rho,p6
LIYANAGE2026/LIYANAGE2026_Model10b_known_initial.txt,LIYANAGE2026/LIYANAGE2026_Model10b_known_initial_anonymized.txt,unknown_parameter,alpha,p7
LIYANAGE2026/LIYANAGE2026_Model10b_known_initial.txt,LIYANAGE2026/LIYANAGE2026_Model10b_known_initial_anonymized.txt,unknown_parameter,delta,p8
LIYANAGE2026/LIYANAGE2026_Model10b_known_initial.txt,LIYANAGE2026/LIYANAGE2026_Model10b_known_initial_anonymized.txt,known_input_or_constant,N,c1
LIYANAGE2026/LIYANAGE2026_Model10b_unknown_initial.txt,LIYANAGE2026/LIYANAGE2026_Model10b_unknown_initial_anonymized.txt,state,S,x1
LIYANAGE2026/LIYANAGE2026_Model10b_unknown_initial.txt,LIYANAGE2026/LIYANAGE2026_Model10b_unknown_initial_anonymized.txt,state,E,x2
LIYANAGE2026/LIYANAGE2026_Model10b_unknown_initial.txt,LIYANAGE2026/LIYANAGE2026_Model10b_unknown_initial_anonymized.txt,state,I,x3
LIYANAGE2026/LIYANAGE2026_Model10b_unknown_initial.txt,LIYANAGE2026/LIYANAGE2026_Model10b_unknown_initial_anonymized.txt,state,U,x4
LIYANAGE2026/LIYANAGE2026_Model10b_unknown_initial.txt,LIYANAGE2026/LIYANAGE2026_Model10b_unknown_initial_anonymized.txt,state,H,x5
LIYANAGE2026/LIYANAGE2026_Model10b_unknown_initial.txt,LIYANAGE2026/LIYANAGE2026_Model10b_unknown_initial_anonymized.txt,state,D,x6
LIYANAGE2026/LIYANAGE2026_Model10b_unknown_initial.txt,LIYANAGE2026/LIYANAGE2026_Model10b_unknown_initial_anonymized.txt,state,R,x7
LIYANAGE2026/LIYANAGE2026_Model10b_unknown_initial.txt,LIYANAGE2026/LIYANAGE2026_Model10b_unknown_initial_anonymized.txt,unknown_parameter,betaI,p1
LIYANAGE2026/LIYANAGE2026_Model10b_unknown_initial.txt,LIYANAGE2026/LIYANAGE2026_Model10b_unknown_initial_anonymized.txt,unknown_parameter,betaU,p2
LIYANAGE2026/LIYANAGE2026_Model10b_unknown_initial.txt,LIYANAGE2026/LIYANAGE2026_Model10b_unknown_initial_anonymized.txt,unknown_parameter,gamma,p3
LIYANAGE2026/LIYANAGE2026_Model10b_unknown_initial.txt,LIYANAGE2026/LIYANAGE2026_Model10b_unknown_initial_anonymized.txt,unknown_parameter,gammaH,p4
LIYANAGE2026/LIYANAGE2026_Model10b_unknown_initial.txt,LIYANAGE2026/LIYANAGE2026_Model10b_unknown_initial_anonymized.txt,unknown_parameter,k,p5
LIYANAGE2026/LIYANAGE2026_Model10b_unknown_initial.txt,LIYANAGE2026/LIYANAGE2026_Model10b_unknown_initial_anonymized.txt,unknown_parameter,rho,p6
LIYANAGE2026/LIYANAGE2026_Model10b_unknown_initial.txt,LIYANAGE2026/LIYANAGE2026_Model10b_unknown_initial_anonymized.txt,unknown_parameter,alpha,p7
LIYANAGE2026/LIYANAGE2026_Model10b_unknown_initial.txt,LIYANAGE2026/LIYANAGE2026_Model10b_unknown_initial_anonymized.txt,unknown_parameter,delta,p8
LIYANAGE2026/LIYANAGE2026_Model10b_unknown_initial.txt,LIYANAGE2026/LIYANAGE2026_Model10b_unknown_initial_anonymized.txt,unknown_parameter,N,p9
LIYANAGE2026/LIYANAGE2026_Model11_known_initial.txt,LIYANAGE2026/LIYANAGE2026_Model11_known_initial_anonymized.txt,state,S,x1
LIYANAGE2026/LIYANAGE2026_Model11_known_initial.txt,LIYANAGE2026/LIYANAGE2026_Model11_known_initial_anonymized.txt,state,Ei,x2
LIYANAGE2026/LIYANAGE2026_Model11_known_initial.txt,LIYANAGE2026/LIYANAGE2026_Model11_known_initial_anonymized.txt,state,Ii,x3
LIYANAGE2026/LIYANAGE2026_Model11_known_initial.txt,LIYANAGE2026/LIYANAGE2026_Model11_known_initial_anonymized.txt,state,Es,x4
LIYANAGE2026/LIYANAGE2026_Model11_known_initial.txt,LIYANAGE2026/LIYANAGE2026_Model11_known_initial_anonymized.txt,state,Is,x5
LIYANAGE2026/LIYANAGE2026_Model11_known_initial.txt,LIYANAGE2026/LIYANAGE2026_Model11_known_initial_anonymized.txt,state,R,x6
LIYANAGE2026/LIYANAGE2026_Model11_known_initial.txt,LIYANAGE2026/LIYANAGE2026_Model11_known_initial_anonymized.txt,unknown_parameter,alpha,p1
LIYANAGE2026/LIYANAGE2026_Model11_known_initial.txt,LIYANAGE2026/LIYANAGE2026_Model11_known_initial_anonymized.txt,unknown_parameter,beta,p2
LIYANAGE2026/LIYANAGE2026_Model11_known_initial.txt,LIYANAGE2026/LIYANAGE2026_Model11_known_initial_anonymized.txt,unknown_parameter,gamma,p3
LIYANAGE2026/LIYANAGE2026_Model11_known_initial.txt,LIYANAGE2026/LIYANAGE2026_Model11_known_initial_anonymized.txt,unknown_parameter,k,p4
LIYANAGE2026/LIYANAGE2026_Model11_known_initial.txt,LIYANAGE2026/LIYANAGE2026_Model11_known_initial_anonymized.txt,known_input_or_constant,N,c1
LIYANAGE2026/LIYANAGE2026_Model11_unknown_initial.txt,LIYANAGE2026/LIYANAGE2026_Model11_unknown_initial_anonymized.txt,state,S,x1
LIYANAGE2026/LIYANAGE2026_Model11_unknown_initial.txt,LIYANAGE2026/LIYANAGE2026_Model11_unknown_initial_anonymized.txt,state,Ei,x2
LIYANAGE2026/LIYANAGE2026_Model11_unknown_initial.txt,LIYANAGE2026/LIYANAGE2026_Model11_unknown_initial_anonymized.txt,state,Ii,x3
LIYANAGE2026/LIYANAGE2026_Model11_unknown_initial.txt,LIYANAGE2026/LIYANAGE2026_Model11_unknown_initial_anonymized.txt,state,Es,x4
LIYANAGE2026/LIYANAGE2026_Model11_unknown_initial.txt,LIYANAGE2026/LIYANAGE2026_Model11_unknown_initial_anonymized.txt,state,Is,x5
LIYANAGE2026/LIYANAGE2026_Model11_unknown_initial.txt,LIYANAGE2026/LIYANAGE2026_Model11_unknown_initial_anonymized.txt,state,R,x6
LIYANAGE2026/LIYANAGE2026_Model11_unknown_initial.txt,LIYANAGE2026/LIYANAGE2026_Model11_unknown_initial_anonymized.txt,unknown_parameter,alpha,p1
LIYANAGE2026/LIYANAGE2026_Model11_unknown_initial.txt,LIYANAGE2026/LIYANAGE2026_Model11_unknown_initial_anonymized.txt,unknown_parameter,beta,p2
LIYANAGE2026/LIYANAGE2026_Model11_unknown_initial.txt,LIYANAGE2026/LIYANAGE2026_Model11_unknown_initial_anonymized.txt,unknown_parameter,gamma,p3
LIYANAGE2026/LIYANAGE2026_Model11_unknown_initial.txt,LIYANAGE2026/LIYANAGE2026_Model11_unknown_initial_anonymized.txt,unknown_parameter,k,p4
LIYANAGE2026/LIYANAGE2026_Model11_unknown_initial.txt,LIYANAGE2026/LIYANAGE2026_Model11_unknown_initial_anonymized.txt,unknown_parameter,N,p5
LIYANAGE2026/LIYANAGE2026_Model1_known_initial.txt,LIYANAGE2026/LIYANAGE2026_Model1_known_initial_anonymized.txt,state,S,x1
LIYANAGE2026/LIYANAGE2026_Model1_known_initial.txt,LIYANAGE2026/LIYANAGE2026_Model1_known_initial_anonymized.txt,state,E,x2
LIYANAGE2026/LIYANAGE2026_Model1_known_initial.txt,LIYANAGE2026/LIYANAGE2026_Model1_known_initial_anonymized.txt,state,I,x3
LIYANAGE2026/LIYANAGE2026_Model1_known_initial.txt,LIYANAGE2026/LIYANAGE2026_Model1_known_initial_anonymized.txt,state,R,x4
LIYANAGE2026/LIYANAGE2026_Model1_known_initial.txt,LIYANAGE2026/LIYANAGE2026_Model1_known_initial_anonymized.txt,unknown_parameter,beta,p1
LIYANAGE2026/LIYANAGE2026_Model1_known_initial.txt,LIYANAGE2026/LIYANAGE2026_Model1_known_initial_anonymized.txt,unknown_parameter,k,p2
LIYANAGE2026/LIYANAGE2026_Model1_known_initial.txt,LIYANAGE2026/LIYANAGE2026_Model1_known_initial_anonymized.txt,unknown_parameter,gamma,p3
LIYANAGE2026/LIYANAGE2026_Model1_known_initial.txt,LIYANAGE2026/LIYANAGE2026_Model1_known_initial_anonymized.txt,known_input_or_constant,N,c1
LIYANAGE2026/LIYANAGE2026_Model1_unknown_initial.txt,LIYANAGE2026/LIYANAGE2026_Model1_unknown_initial_anonymized.txt,state,S,x1
LIYANAGE2026/LIYANAGE2026_Model1_unknown_initial.txt,LIYANAGE2026/LIYANAGE2026_Model1_unknown_initial_anonymized.txt,state,E,x2
LIYANAGE2026/LIYANAGE2026_Model1_unknown_initial.txt,LIYANAGE2026/LIYANAGE2026_Model1_unknown_initial_anonymized.txt,state,I,x3
LIYANAGE2026/LIYANAGE2026_Model1_unknown_initial.txt,LIYANAGE2026/LIYANAGE2026_Model1_unknown_initial_anonymized.txt,state,R,x4
LIYANAGE2026/LIYANAGE2026_Model1_unknown_initial.txt,LIYANAGE2026/LIYANAGE2026_Model1_unknown_initial_anonymized.txt,unknown_parameter,beta,p1
LIYANAGE2026/LIYANAGE2026_Model1_unknown_initial.txt,LIYANAGE2026/LIYANAGE2026_Model1_unknown_initial_anonymized.txt,unknown_parameter,k,p2
LIYANAGE2026/LIYANAGE2026_Model1_unknown_initial.txt,LIYANAGE2026/LIYANAGE2026_Model1_unknown_initial_anonymized.txt,unknown_parameter,gamma,p3
LIYANAGE2026/LIYANAGE2026_Model1_unknown_initial.txt,LIYANAGE2026/LIYANAGE2026_Model1_unknown_initial_anonymized.txt,unknown_parameter,N,p4
LIYANAGE2026/LIYANAGE2026_Model2_known_initial.txt,LIYANAGE2026/LIYANAGE2026_Model2_known_initial_anonymized.txt,state,S,x1
LIYANAGE2026/LIYANAGE2026_Model2_known_initial.txt,LIYANAGE2026/LIYANAGE2026_Model2_known_initial_anonymized.txt,state,E,x2
LIYANAGE2026/LIYANAGE2026_Model2_known_initial.txt,LIYANAGE2026/LIYANAGE2026_Model2_known_initial_anonymized.txt,state,I,x3
LIYANAGE2026/LIYANAGE2026_Model2_known_initial.txt,LIYANAGE2026/LIYANAGE2026_Model2_known_initial_anonymized.txt,state,A,x4
LIYANAGE2026/LIYANAGE2026_Model2_known_initial.txt,LIYANAGE2026/LIYANAGE2026_Model2_known_initial_anonymized.txt,state,R,x5
LIYANAGE2026/LIYANAGE2026_Model2_known_initial.txt,LIYANAGE2026/LIYANAGE2026_Model2_known_initial_anonymized.txt,unknown_parameter,beta,p1
LIYANAGE2026/LIYANAGE2026_Model2_known_initial.txt,LIYANAGE2026/LIYANAGE2026_Model2_known_initial_anonymized.txt,unknown_parameter,k,p2
LIYANAGE2026/LIYANAGE2026_Model2_known_initial.txt,LIYANAGE2026/LIYANAGE2026_Model2_known_initial_anonymized.txt,unknown_parameter,gamma,p3
LIYANAGE2026/LIYANAGE2026_Model2_known_initial.txt,LIYANAGE2026/LIYANAGE2026_Model2_known_initial_anonymized.txt,unknown_parameter,rho,p4
LIYANAGE2026/LIYANAGE2026_Model2_known_initial.txt,LIYANAGE2026/LIYANAGE2026_Model2_known_initial_anonymized.txt,known_input_or_constant,N,c1
LIYANAGE2026/LIYANAGE2026_Model2_unknown_initial.txt,LIYANAGE2026/LIYANAGE2026_Model2_unknown_initial_anonymized.txt,state,S,x1
LIYANAGE2026/LIYANAGE2026_Model2_unknown_initial.txt,LIYANAGE2026/LIYANAGE2026_Model2_unknown_initial_anonymized.txt,state,E,x2
LIYANAGE2026/LIYANAGE2026_Model2_unknown_initial.txt,LIYANAGE2026/LIYANAGE2026_Model2_unknown_initial_anonymized.txt,state,I,x3
LIYANAGE2026/LIYANAGE2026_Model2_unknown_initial.txt,LIYANAGE2026/LIYANAGE2026_Model2_unknown_initial_anonymized.txt,state,A,x4
LIYANAGE2026/LIYANAGE2026_Model2_unknown_initial.txt,LIYANAGE2026/LIYANAGE2026_Model2_unknown_initial_anonymized.txt,state,R,x5
LIYANAGE2026/LIYANAGE2026_Model2_unknown_initial.txt,LIYANAGE2026/LIYANAGE2026_Model2_unknown_initial_anonymized.txt,unknown_parameter,beta,p1
LIYANAGE2026/LIYANAGE2026_Model2_unknown_initial.txt,LIYANAGE2026/LIYANAGE2026_Model2_unknown_initial_anonymized.txt,unknown_parameter,k,p2
LIYANAGE2026/LIYANAGE2026_Model2_unknown_initial.txt,LIYANAGE2026/LIYANAGE2026_Model2_unknown_initial_anonymized.txt,unknown_parameter,gamma,p3
LIYANAGE2026/LIYANAGE2026_Model2_unknown_initial.txt,LIYANAGE2026/LIYANAGE2026_Model2_unknown_initial_anonymized.txt,unknown_parameter,rho,p4
LIYANAGE2026/LIYANAGE2026_Model2_unknown_initial.txt,LIYANAGE2026/LIYANAGE2026_Model2_unknown_initial_anonymized.txt,unknown_parameter,N,p5
LIYANAGE2026/LIYANAGE2026_Model3_known_initial.txt,LIYANAGE2026/LIYANAGE2026_Model3_known_initial_anonymized.txt,state,S,x1
LIYANAGE2026/LIYANAGE2026_Model3_known_initial.txt,LIYANAGE2026/LIYANAGE2026_Model3_known_initial_anonymized.txt,state,E,x2
LIYANAGE2026/LIYANAGE2026_Model3_known_initial.txt,LIYANAGE2026/LIYANAGE2026_Model3_known_initial_anonymized.txt,state,I,x3
LIYANAGE2026/LIYANAGE2026_Model3_known_initial.txt,LIYANAGE2026/LIYANAGE2026_Model3_known_initial_anonymized.txt,state,A,x4
LIYANAGE2026/LIYANAGE2026_Model3_known_initial.txt,LIYANAGE2026/LIYANAGE2026_Model3_known_initial_anonymized.txt,state,R,x5
LIYANAGE2026/LIYANAGE2026_Model3_known_initial.txt,LIYANAGE2026/LIYANAGE2026_Model3_known_initial_anonymized.txt,unknown_parameter,betaI,p1
LIYANAGE2026/LIYANAGE2026_Model3_known_initial.txt,LIYANAGE2026/LIYANAGE2026_Model3_known_initial_anonymized.txt,unknown_parameter,betaA,p2
LIYANAGE2026/LIYANAGE2026_Model3_known_initial.txt,LIYANAGE2026/LIYANAGE2026_Model3_known_initial_anonymized.txt,unknown_parameter,k,p3
LIYANAGE2026/LIYANAGE2026_Model3_known_initial.txt,LIYANAGE2026/LIYANAGE2026_Model3_known_initial_anonymized.txt,unknown_parameter,gamma,p4
LIYANAGE2026/LIYANAGE2026_Model3_known_initial.txt,LIYANAGE2026/LIYANAGE2026_Model3_known_initial_anonymized.txt,unknown_parameter,rho,p5
LIYANAGE2026/LIYANAGE2026_Model3_known_initial.txt,LIYANAGE2026/LIYANAGE2026_Model3_known_initial_anonymized.txt,known_input_or_constant,N,c1
LIYANAGE2026/LIYANAGE2026_Model3_unknown_initial.txt,LIYANAGE2026/LIYANAGE2026_Model3_unknown_initial_anonymized.txt,state,S,x1
LIYANAGE2026/LIYANAGE2026_Model3_unknown_initial.txt,LIYANAGE2026/LIYANAGE2026_Model3_unknown_initial_anonymized.txt,state,E,x2
LIYANAGE2026/LIYANAGE2026_Model3_unknown_initial.txt,LIYANAGE2026/LIYANAGE2026_Model3_unknown_initial_anonymized.txt,state,I,x3
LIYANAGE2026/LIYANAGE2026_Model3_unknown_initial.txt,LIYANAGE2026/LIYANAGE2026_Model3_unknown_initial_anonymized.txt,state,A,x4
LIYANAGE2026/LIYANAGE2026_Model3_unknown_initial.txt,LIYANAGE2026/LIYANAGE2026_Model3_unknown_initial_anonymized.txt,state,R,x5
LIYANAGE2026/LIYANAGE2026_Model3_unknown_initial.txt,LIYANAGE2026/LIYANAGE2026_Model3_unknown_initial_anonymized.txt,unknown_parameter,betaI,p1
LIYANAGE2026/LIYANAGE2026_Model3_unknown_initial.txt,LIYANAGE2026/LIYANAGE2026_Model3_unknown_initial_anonymized.txt,unknown_parameter,betaA,p2
LIYANAGE2026/LIYANAGE2026_Model3_unknown_initial.txt,LIYANAGE2026/LIYANAGE2026_Model3_unknown_initial_anonymized.txt,unknown_parameter,k,p3
LIYANAGE2026/LIYANAGE2026_Model3_unknown_initial.txt,LIYANAGE2026/LIYANAGE2026_Model3_unknown_initial_anonymized.txt,unknown_parameter,gamma,p4
LIYANAGE2026/LIYANAGE2026_Model3_unknown_initial.txt,LIYANAGE2026/LIYANAGE2026_Model3_unknown_initial_anonymized.txt,unknown_parameter,rho,p5
LIYANAGE2026/LIYANAGE2026_Model3_unknown_initial.txt,LIYANAGE2026/LIYANAGE2026_Model3_unknown_initial_anonymized.txt,unknown_parameter,N,p6
LIYANAGE2026/LIYANAGE2026_Model4a_known_initial.txt,LIYANAGE2026/LIYANAGE2026_Model4a_known_initial_anonymized.txt,state,S,x1
LIYANAGE2026/LIYANAGE2026_Model4a_known_initial.txt,LIYANAGE2026/LIYANAGE2026_Model4a_known_initial_anonymized.txt,state,E,x2
LIYANAGE2026/LIYANAGE2026_Model4a_known_initial.txt,LIYANAGE2026/LIYANAGE2026_Model4a_known_initial_anonymized.txt,state,I,x3
LIYANAGE2026/LIYANAGE2026_Model4a_known_initial.txt,LIYANAGE2026/LIYANAGE2026_Model4a_known_initial_anonymized.txt,state,R,x4
LIYANAGE2026/LIYANAGE2026_Model4a_known_initial.txt,LIYANAGE2026/LIYANAGE2026_Model4a_known_initial_anonymized.txt,state,D,x5
LIYANAGE2026/LIYANAGE2026_Model4a_known_initial.txt,LIYANAGE2026/LIYANAGE2026_Model4a_known_initial_anonymized.txt,unknown_parameter,beta,p1
LIYANAGE2026/LIYANAGE2026_Model4a_known_initial.txt,LIYANAGE2026/LIYANAGE2026_Model4a_known_initial_anonymized.txt,unknown_parameter,k,p2
LIYANAGE2026/LIYANAGE2026_Model4a_known_initial.txt,LIYANAGE2026/LIYANAGE2026_Model4a_known_initial_anonymized.txt,unknown_parameter,gamma,p3
LIYANAGE2026/LIYANAGE2026_Model4a_known_initial.txt,LIYANAGE2026/LIYANAGE2026_Model4a_known_initial_anonymized.txt,unknown_parameter,delta,p4
LIYANAGE2026/LIYANAGE2026_Model4a_unknown_initial.txt,LIYANAGE2026/LIYANAGE2026_Model4a_unknown_initial_anonymized.txt,state,S,x1
LIYANAGE2026/LIYANAGE2026_Model4a_unknown_initial.txt,LIYANAGE2026/LIYANAGE2026_Model4a_unknown_initial_anonymized.txt,state,E,x2
LIYANAGE2026/LIYANAGE2026_Model4a_unknown_initial.txt,LIYANAGE2026/LIYANAGE2026_Model4a_unknown_initial_anonymized.txt,state,I,x3
LIYANAGE2026/LIYANAGE2026_Model4a_unknown_initial.txt,LIYANAGE2026/LIYANAGE2026_Model4a_unknown_initial_anonymized.txt,state,R,x4
LIYANAGE2026/LIYANAGE2026_Model4a_unknown_initial.txt,LIYANAGE2026/LIYANAGE2026_Model4a_unknown_initial_anonymized.txt,state,D,x5
LIYANAGE2026/LIYANAGE2026_Model4a_unknown_initial.txt,LIYANAGE2026/LIYANAGE2026_Model4a_unknown_initial_anonymized.txt,unknown_parameter,beta,p1
LIYANAGE2026/LIYANAGE2026_Model4a_unknown_initial.txt,LIYANAGE2026/LIYANAGE2026_Model4a_unknown_initial_anonymized.txt,unknown_parameter,k,p2
LIYANAGE2026/LIYANAGE2026_Model4a_unknown_initial.txt,LIYANAGE2026/LIYANAGE2026_Model4a_unknown_initial_anonymized.txt,unknown_parameter,gamma,p3
LIYANAGE2026/LIYANAGE2026_Model4a_unknown_initial.txt,LIYANAGE2026/LIYANAGE2026_Model4a_unknown_initial_anonymized.txt,unknown_parameter,delta,p4
LIYANAGE2026/LIYANAGE2026_Model4b_known_initial.txt,LIYANAGE2026/LIYANAGE2026_Model4b_known_initial_anonymized.txt,state,S,x1
LIYANAGE2026/LIYANAGE2026_Model4b_known_initial.txt,LIYANAGE2026/LIYANAGE2026_Model4b_known_initial_anonymized.txt,state,E,x2
LIYANAGE2026/LIYANAGE2026_Model4b_known_initial.txt,LIYANAGE2026/LIYANAGE2026_Model4b_known_initial_anonymized.txt,state,I,x3
LIYANAGE2026/LIYANAGE2026_Model4b_known_initial.txt,LIYANAGE2026/LIYANAGE2026_Model4b_known_initial_anonymized.txt,state,R,x4
LIYANAGE2026/LIYANAGE2026_Model4b_known_initial.txt,LIYANAGE2026/LIYANAGE2026_Model4b_known_initial_anonymized.txt,state,D,x5
LIYANAGE2026/LIYANAGE2026_Model4b_known_initial.txt,LIYANAGE2026/LIYANAGE2026_Model4b_known_initial_anonymized.txt,unknown_parameter,beta,p1
LIYANAGE2026/LIYANAGE2026_Model4b_known_initial.txt,LIYANAGE2026/LIYANAGE2026_Model4b_known_initial_anonymized.txt,unknown_parameter,k,p2
LIYANAGE2026/LIYANAGE2026_Model4b_known_initial.txt,LIYANAGE2026/LIYANAGE2026_Model4b_known_initial_anonymized.txt,unknown_parameter,gamma,p3
LIYANAGE2026/LIYANAGE2026_Model4b_known_initial.txt,LIYANAGE2026/LIYANAGE2026_Model4b_known_initial_anonymized.txt,unknown_parameter,delta,p4
LIYANAGE2026/LIYANAGE2026_Model4b_unknown_initial.txt,LIYANAGE2026/LIYANAGE2026_Model4b_unknown_initial_anonymized.txt,state,S,x1
LIYANAGE2026/LIYANAGE2026_Model4b_unknown_initial.txt,LIYANAGE2026/LIYANAGE2026_Model4b_unknown_initial_anonymized.txt,state,E,x2
LIYANAGE2026/LIYANAGE2026_Model4b_unknown_initial.txt,LIYANAGE2026/LIYANAGE2026_Model4b_unknown_initial_anonymized.txt,state,I,x3
LIYANAGE2026/LIYANAGE2026_Model4b_unknown_initial.txt,LIYANAGE2026/LIYANAGE2026_Model4b_unknown_initial_anonymized.txt,state,R,x4
LIYANAGE2026/LIYANAGE2026_Model4b_unknown_initial.txt,LIYANAGE2026/LIYANAGE2026_Model4b_unknown_initial_anonymized.txt,state,D,x5
LIYANAGE2026/LIYANAGE2026_Model4b_unknown_initial.txt,LIYANAGE2026/LIYANAGE2026_Model4b_unknown_initial_anonymized.txt,unknown_parameter,beta,p1
LIYANAGE2026/LIYANAGE2026_Model4b_unknown_initial.txt,LIYANAGE2026/LIYANAGE2026_Model4b_unknown_initial_anonymized.txt,unknown_parameter,k,p2
LIYANAGE2026/LIYANAGE2026_Model4b_unknown_initial.txt,LIYANAGE2026/LIYANAGE2026_Model4b_unknown_initial_anonymized.txt,unknown_parameter,gamma,p3
LIYANAGE2026/LIYANAGE2026_Model4b_unknown_initial.txt,LIYANAGE2026/LIYANAGE2026_Model4b_unknown_initial_anonymized.txt,unknown_parameter,delta,p4
LIYANAGE2026/LIYANAGE2026_Model5_known_initial.txt,LIYANAGE2026/LIYANAGE2026_Model5_known_initial_anonymized.txt,state,Sv,x1
LIYANAGE2026/LIYANAGE2026_Model5_known_initial.txt,LIYANAGE2026/LIYANAGE2026_Model5_known_initial_anonymized.txt,state,Iv,x2
LIYANAGE2026/LIYANAGE2026_Model5_known_initial.txt,LIYANAGE2026/LIYANAGE2026_Model5_known_initial_anonymized.txt,state,S,x3
LIYANAGE2026/LIYANAGE2026_Model5_known_initial.txt,LIYANAGE2026/LIYANAGE2026_Model5_known_initial_anonymized.txt,state,I,x4
LIYANAGE2026/LIYANAGE2026_Model5_known_initial.txt,LIYANAGE2026/LIYANAGE2026_Model5_known_initial_anonymized.txt,state,R,x5
LIYANAGE2026/LIYANAGE2026_Model5_known_initial.txt,LIYANAGE2026/LIYANAGE2026_Model5_known_initial_anonymized.txt,unknown_parameter,beta,p1
LIYANAGE2026/LIYANAGE2026_Model5_known_initial.txt,LIYANAGE2026/LIYANAGE2026_Model5_known_initial_anonymized.txt,unknown_parameter,betav,p2
LIYANAGE2026/LIYANAGE2026_Model5_known_initial.txt,LIYANAGE2026/LIYANAGE2026_Model5_known_initial_anonymized.txt,unknown_parameter,gamma,p3
LIYANAGE2026/LIYANAGE2026_Model5_known_initial.txt,LIYANAGE2026/LIYANAGE2026_Model5_known_initial_anonymized.txt,unknown_parameter,lambdav,p4
LIYANAGE2026/LIYANAGE2026_Model5_known_initial.txt,LIYANAGE2026/LIYANAGE2026_Model5_known_initial_anonymized.txt,unknown_parameter,muv,p5
LIYANAGE2026/LIYANAGE2026_Model5_known_initial.txt,LIYANAGE2026/LIYANAGE2026_Model5_known_initial_anonymized.txt,known_input_or_constant,N,c1
LIYANAGE2026/LIYANAGE2026_Model5_known_initial.txt,LIYANAGE2026/LIYANAGE2026_Model5_known_initial_anonymized.txt,known_input_or_constant,c,c2
LIYANAGE2026/LIYANAGE2026_Model5_unknown_initial.txt,LIYANAGE2026/LIYANAGE2026_Model5_unknown_initial_anonymized.txt,state,Sv,x1
LIYANAGE2026/LIYANAGE2026_Model5_unknown_initial.txt,LIYANAGE2026/LIYANAGE2026_Model5_unknown_initial_anonymized.txt,state,Iv,x2
LIYANAGE2026/LIYANAGE2026_Model5_unknown_initial.txt,LIYANAGE2026/LIYANAGE2026_Model5_unknown_initial_anonymized.txt,state,S,x3
LIYANAGE2026/LIYANAGE2026_Model5_unknown_initial.txt,LIYANAGE2026/LIYANAGE2026_Model5_unknown_initial_anonymized.txt,state,I,x4
LIYANAGE2026/LIYANAGE2026_Model5_unknown_initial.txt,LIYANAGE2026/LIYANAGE2026_Model5_unknown_initial_anonymized.txt,state,R,x5
LIYANAGE2026/LIYANAGE2026_Model5_unknown_initial.txt,LIYANAGE2026/LIYANAGE2026_Model5_unknown_initial_anonymized.txt,unknown_parameter,beta,p1
LIYANAGE2026/LIYANAGE2026_Model5_unknown_initial.txt,LIYANAGE2026/LIYANAGE2026_Model5_unknown_initial_anonymized.txt,unknown_parameter,betav,p2
LIYANAGE2026/LIYANAGE2026_Model5_unknown_initial.txt,LIYANAGE2026/LIYANAGE2026_Model5_unknown_initial_anonymized.txt,unknown_parameter,gamma,p3
LIYANAGE2026/LIYANAGE2026_Model5_unknown_initial.txt,LIYANAGE2026/LIYANAGE2026_Model5_unknown_initial_anonymized.txt,unknown_parameter,lambdav,p4
LIYANAGE2026/LIYANAGE2026_Model5_unknown_initial.txt,LIYANAGE2026/LIYANAGE2026_Model5_unknown_initial_anonymized.txt,unknown_parameter,muv,p5
LIYANAGE2026/LIYANAGE2026_Model5_unknown_initial.txt,LIYANAGE2026/LIYANAGE2026_Model5_unknown_initial_anonymized.txt,unknown_parameter,N,p6
LIYANAGE2026/LIYANAGE2026_Model5_unknown_initial.txt,LIYANAGE2026/LIYANAGE2026_Model5_unknown_initial_anonymized.txt,unknown_parameter,c,p7
LIYANAGE2026/LIYANAGE2026_Model6_known_initial.txt,LIYANAGE2026/LIYANAGE2026_Model6_known_initial_anonymized.txt,state,Sv,x1
LIYANAGE2026/LIYANAGE2026_Model6_known_initial.txt,LIYANAGE2026/LIYANAGE2026_Model6_known_initial_anonymized.txt,state,Iv,x2
LIYANAGE2026/LIYANAGE2026_Model6_known_initial.txt,LIYANAGE2026/LIYANAGE2026_Model6_known_initial_anonymized.txt,state,S,x3
LIYANAGE2026/LIYANAGE2026_Model6_known_initial.txt,LIYANAGE2026/LIYANAGE2026_Model6_known_initial_anonymized.txt,state,I,x4
LIYANAGE2026/LIYANAGE2026_Model6_known_initial.txt,LIYANAGE2026/LIYANAGE2026_Model6_known_initial_anonymized.txt,state,A,x5
LIYANAGE2026/LIYANAGE2026_Model6_known_initial.txt,LIYANAGE2026/LIYANAGE2026_Model6_known_initial_anonymized.txt,state,R,x6
LIYANAGE2026/LIYANAGE2026_Model6_known_initial.txt,LIYANAGE2026/LIYANAGE2026_Model6_known_initial_anonymized.txt,unknown_parameter,betaI,p1
LIYANAGE2026/LIYANAGE2026_Model6_known_initial.txt,LIYANAGE2026/LIYANAGE2026_Model6_known_initial_anonymized.txt,unknown_parameter,betaA,p2
LIYANAGE2026/LIYANAGE2026_Model6_known_initial.txt,LIYANAGE2026/LIYANAGE2026_Model6_known_initial_anonymized.txt,unknown_parameter,betav,p3
LIYANAGE2026/LIYANAGE2026_Model6_known_initial.txt,LIYANAGE2026/LIYANAGE2026_Model6_known_initial_anonymized.txt,unknown_parameter,gamma,p4
LIYANAGE2026/LIYANAGE2026_Model6_known_initial.txt,LIYANAGE2026/LIYANAGE2026_Model6_known_initial_anonymized.txt,unknown_parameter,lambdav,p5
LIYANAGE2026/LIYANAGE2026_Model6_known_initial.txt,LIYANAGE2026/LIYANAGE2026_Model6_known_initial_anonymized.txt,unknown_parameter,muv,p6
LIYANAGE2026/LIYANAGE2026_Model6_known_initial.txt,LIYANAGE2026/LIYANAGE2026_Model6_known_initial_anonymized.txt,unknown_parameter,rho,p7
LIYANAGE2026/LIYANAGE2026_Model6_known_initial.txt,LIYANAGE2026/LIYANAGE2026_Model6_known_initial_anonymized.txt,known_input_or_constant,N,c1
LIYANAGE2026/LIYANAGE2026_Model6_known_initial.txt,LIYANAGE2026/LIYANAGE2026_Model6_known_initial_anonymized.txt,known_input_or_constant,c,c2
LIYANAGE2026/LIYANAGE2026_Model6_unknown_initial.txt,LIYANAGE2026/LIYANAGE2026_Model6_unknown_initial_anonymized.txt,state,Sv,x1
LIYANAGE2026/LIYANAGE2026_Model6_unknown_initial.txt,LIYANAGE2026/LIYANAGE2026_Model6_unknown_initial_anonymized.txt,state,Iv,x2
LIYANAGE2026/LIYANAGE2026_Model6_unknown_initial.txt,LIYANAGE2026/LIYANAGE2026_Model6_unknown_initial_anonymized.txt,state,S,x3
LIYANAGE2026/LIYANAGE2026_Model6_unknown_initial.txt,LIYANAGE2026/LIYANAGE2026_Model6_unknown_initial_anonymized.txt,state,I,x4
LIYANAGE2026/LIYANAGE2026_Model6_unknown_initial.txt,LIYANAGE2026/LIYANAGE2026_Model6_unknown_initial_anonymized.txt,state,A,x5
LIYANAGE2026/LIYANAGE2026_Model6_unknown_initial.txt,LIYANAGE2026/LIYANAGE2026_Model6_unknown_initial_anonymized.txt,state,R,x6
LIYANAGE2026/LIYANAGE2026_Model6_unknown_initial.txt,LIYANAGE2026/LIYANAGE2026_Model6_unknown_initial_anonymized.txt,unknown_parameter,betaI,p1
LIYANAGE2026/LIYANAGE2026_Model6_unknown_initial.txt,LIYANAGE2026/LIYANAGE2026_Model6_unknown_initial_anonymized.txt,unknown_parameter,betaA,p2
LIYANAGE2026/LIYANAGE2026_Model6_unknown_initial.txt,LIYANAGE2026/LIYANAGE2026_Model6_unknown_initial_anonymized.txt,unknown_parameter,betav,p3
LIYANAGE2026/LIYANAGE2026_Model6_unknown_initial.txt,LIYANAGE2026/LIYANAGE2026_Model6_unknown_initial_anonymized.txt,unknown_parameter,gamma,p4
LIYANAGE2026/LIYANAGE2026_Model6_unknown_initial.txt,LIYANAGE2026/LIYANAGE2026_Model6_unknown_initial_anonymized.txt,unknown_parameter,lambdav,p5
LIYANAGE2026/LIYANAGE2026_Model6_unknown_initial.txt,LIYANAGE2026/LIYANAGE2026_Model6_unknown_initial_anonymized.txt,unknown_parameter,muv,p6
LIYANAGE2026/LIYANAGE2026_Model6_unknown_initial.txt,LIYANAGE2026/LIYANAGE2026_Model6_unknown_initial_anonymized.txt,unknown_parameter,rho,p7
LIYANAGE2026/LIYANAGE2026_Model6_unknown_initial.txt,LIYANAGE2026/LIYANAGE2026_Model6_unknown_initial_anonymized.txt,unknown_parameter,N,p8
LIYANAGE2026/LIYANAGE2026_Model6_unknown_initial.txt,LIYANAGE2026/LIYANAGE2026_Model6_unknown_initial_anonymized.txt,unknown_parameter,c,p9
LIYANAGE2026/LIYANAGE2026_Model7a_known_initial.txt,LIYANAGE2026/LIYANAGE2026_Model7a_known_initial_anonymized.txt,state,E,x1
LIYANAGE2026/LIYANAGE2026_Model7a_known_initial.txt,LIYANAGE2026/LIYANAGE2026_Model7a_known_initial_anonymized.txt,state,I,x2
LIYANAGE2026/LIYANAGE2026_Model7a_known_initial.txt,LIYANAGE2026/LIYANAGE2026_Model7a_known_initial_anonymized.txt,state,H,x3
LIYANAGE2026/LIYANAGE2026_Model7a_known_initial.txt,LIYANAGE2026/LIYANAGE2026_Model7a_known_initial_anonymized.txt,state,D,x4
LIYANAGE2026/LIYANAGE2026_Model7a_known_initial.txt,LIYANAGE2026/LIYANAGE2026_Model7a_known_initial_anonymized.txt,unknown_parameter,C,p1
LIYANAGE2026/LIYANAGE2026_Model7a_known_initial.txt,LIYANAGE2026/LIYANAGE2026_Model7a_known_initial_anonymized.txt,unknown_parameter,C2,p2
LIYANAGE2026/LIYANAGE2026_Model7a_known_initial.txt,LIYANAGE2026/LIYANAGE2026_Model7a_known_initial_anonymized.txt,unknown_parameter,C3,p3
LIYANAGE2026/LIYANAGE2026_Model7a_known_initial.txt,LIYANAGE2026/LIYANAGE2026_Model7a_known_initial_anonymized.txt,unknown_parameter,a,p4
LIYANAGE2026/LIYANAGE2026_Model7a_known_initial.txt,LIYANAGE2026/LIYANAGE2026_Model7a_known_initial_anonymized.txt,unknown_parameter,bD,p5
LIYANAGE2026/LIYANAGE2026_Model7a_known_initial.txt,LIYANAGE2026/LIYANAGE2026_Model7a_known_initial_anonymized.txt,unknown_parameter,bH,p6
LIYANAGE2026/LIYANAGE2026_Model7a_known_initial.txt,LIYANAGE2026/LIYANAGE2026_Model7a_known_initial_anonymized.txt,unknown_parameter,bI,p7
LIYANAGE2026/LIYANAGE2026_Model7a_known_initial.txt,LIYANAGE2026/LIYANAGE2026_Model7a_known_initial_anonymized.txt,unknown_parameter,dH,p8
LIYANAGE2026/LIYANAGE2026_Model7a_known_initial.txt,LIYANAGE2026/LIYANAGE2026_Model7a_known_initial_anonymized.txt,unknown_parameter,dI,p9
LIYANAGE2026/LIYANAGE2026_Model7a_known_initial.txt,LIYANAGE2026/LIYANAGE2026_Model7a_known_initial_anonymized.txt,unknown_parameter,gH,p10
LIYANAGE2026/LIYANAGE2026_Model7a_known_initial.txt,LIYANAGE2026/LIYANAGE2026_Model7a_known_initial_anonymized.txt,unknown_parameter,gI,p11
LIYANAGE2026/LIYANAGE2026_Model7a_known_initial.txt,LIYANAGE2026/LIYANAGE2026_Model7a_known_initial_anonymized.txt,unknown_parameter,k,p12
LIYANAGE2026/LIYANAGE2026_Model7a_unknown_initial.txt,LIYANAGE2026/LIYANAGE2026_Model7a_unknown_initial_anonymized.txt,state,E,x1
LIYANAGE2026/LIYANAGE2026_Model7a_unknown_initial.txt,LIYANAGE2026/LIYANAGE2026_Model7a_unknown_initial_anonymized.txt,state,I,x2
LIYANAGE2026/LIYANAGE2026_Model7a_unknown_initial.txt,LIYANAGE2026/LIYANAGE2026_Model7a_unknown_initial_anonymized.txt,state,H,x3
LIYANAGE2026/LIYANAGE2026_Model7a_unknown_initial.txt,LIYANAGE2026/LIYANAGE2026_Model7a_unknown_initial_anonymized.txt,state,D,x4
LIYANAGE2026/LIYANAGE2026_Model7a_unknown_initial.txt,LIYANAGE2026/LIYANAGE2026_Model7a_unknown_initial_anonymized.txt,unknown_parameter,C,p1
LIYANAGE2026/LIYANAGE2026_Model7a_unknown_initial.txt,LIYANAGE2026/LIYANAGE2026_Model7a_unknown_initial_anonymized.txt,unknown_parameter,C2,p2
LIYANAGE2026/LIYANAGE2026_Model7a_unknown_initial.txt,LIYANAGE2026/LIYANAGE2026_Model7a_unknown_initial_anonymized.txt,unknown_parameter,C3,p3
LIYANAGE2026/LIYANAGE2026_Model7a_unknown_initial.txt,LIYANAGE2026/LIYANAGE2026_Model7a_unknown_initial_anonymized.txt,unknown_parameter,a,p4
LIYANAGE2026/LIYANAGE2026_Model7a_unknown_initial.txt,LIYANAGE2026/LIYANAGE2026_Model7a_unknown_initial_anonymized.txt,unknown_parameter,bD,p5
LIYANAGE2026/LIYANAGE2026_Model7a_unknown_initial.txt,LIYANAGE2026/LIYANAGE2026_Model7a_unknown_initial_anonymized.txt,unknown_parameter,bH,p6
LIYANAGE2026/LIYANAGE2026_Model7a_unknown_initial.txt,LIYANAGE2026/LIYANAGE2026_Model7a_unknown_initial_anonymized.txt,unknown_parameter,bI,p7
LIYANAGE2026/LIYANAGE2026_Model7a_unknown_initial.txt,LIYANAGE2026/LIYANAGE2026_Model7a_unknown_initial_anonymized.txt,unknown_parameter,dH,p8
LIYANAGE2026/LIYANAGE2026_Model7a_unknown_initial.txt,LIYANAGE2026/LIYANAGE2026_Model7a_unknown_initial_anonymized.txt,unknown_parameter,dI,p9
LIYANAGE2026/LIYANAGE2026_Model7a_unknown_initial.txt,LIYANAGE2026/LIYANAGE2026_Model7a_unknown_initial_anonymized.txt,unknown_parameter,gH,p10
LIYANAGE2026/LIYANAGE2026_Model7a_unknown_initial.txt,LIYANAGE2026/LIYANAGE2026_Model7a_unknown_initial_anonymized.txt,unknown_parameter,gI,p11
LIYANAGE2026/LIYANAGE2026_Model7a_unknown_initial.txt,LIYANAGE2026/LIYANAGE2026_Model7a_unknown_initial_anonymized.txt,unknown_parameter,k,p12
LIYANAGE2026/LIYANAGE2026_Model7b_known_initial.txt,LIYANAGE2026/LIYANAGE2026_Model7b_known_initial_anonymized.txt,state,E,x1
LIYANAGE2026/LIYANAGE2026_Model7b_known_initial.txt,LIYANAGE2026/LIYANAGE2026_Model7b_known_initial_anonymized.txt,state,I,x2
LIYANAGE2026/LIYANAGE2026_Model7b_known_initial.txt,LIYANAGE2026/LIYANAGE2026_Model7b_known_initial_anonymized.txt,state,H,x3
LIYANAGE2026/LIYANAGE2026_Model7b_known_initial.txt,LIYANAGE2026/LIYANAGE2026_Model7b_known_initial_anonymized.txt,state,D,x4
LIYANAGE2026/LIYANAGE2026_Model7b_known_initial.txt,LIYANAGE2026/LIYANAGE2026_Model7b_known_initial_anonymized.txt,unknown_parameter,C,p1
LIYANAGE2026/LIYANAGE2026_Model7b_known_initial.txt,LIYANAGE2026/LIYANAGE2026_Model7b_known_initial_anonymized.txt,unknown_parameter,C2,p2
LIYANAGE2026/LIYANAGE2026_Model7b_known_initial.txt,LIYANAGE2026/LIYANAGE2026_Model7b_known_initial_anonymized.txt,unknown_parameter,C3,p3
LIYANAGE2026/LIYANAGE2026_Model7b_known_initial.txt,LIYANAGE2026/LIYANAGE2026_Model7b_known_initial_anonymized.txt,unknown_parameter,a,p4
LIYANAGE2026/LIYANAGE2026_Model7b_known_initial.txt,LIYANAGE2026/LIYANAGE2026_Model7b_known_initial_anonymized.txt,unknown_parameter,bD,p5
LIYANAGE2026/LIYANAGE2026_Model7b_known_initial.txt,LIYANAGE2026/LIYANAGE2026_Model7b_known_initial_anonymized.txt,unknown_parameter,bH,p6
LIYANAGE2026/LIYANAGE2026_Model7b_known_initial.txt,LIYANAGE2026/LIYANAGE2026_Model7b_known_initial_anonymized.txt,unknown_parameter,bI,p7
LIYANAGE2026/LIYANAGE2026_Model7b_known_initial.txt,LIYANAGE2026/LIYANAGE2026_Model7b_known_initial_anonymized.txt,unknown_parameter,dH,p8
LIYANAGE2026/LIYANAGE2026_Model7b_known_initial.txt,LIYANAGE2026/LIYANAGE2026_Model7b_known_initial_anonymized.txt,unknown_parameter,dI,p9
LIYANAGE2026/LIYANAGE2026_Model7b_known_initial.txt,LIYANAGE2026/LIYANAGE2026_Model7b_known_initial_anonymized.txt,unknown_parameter,gH,p10
LIYANAGE2026/LIYANAGE2026_Model7b_known_initial.txt,LIYANAGE2026/LIYANAGE2026_Model7b_known_initial_anonymized.txt,unknown_parameter,gI,p11
LIYANAGE2026/LIYANAGE2026_Model7b_known_initial.txt,LIYANAGE2026/LIYANAGE2026_Model7b_known_initial_anonymized.txt,unknown_parameter,k,p12
LIYANAGE2026/LIYANAGE2026_Model7b_unknown_initial.txt,LIYANAGE2026/LIYANAGE2026_Model7b_unknown_initial_anonymized.txt,state,E,x1
LIYANAGE2026/LIYANAGE2026_Model7b_unknown_initial.txt,LIYANAGE2026/LIYANAGE2026_Model7b_unknown_initial_anonymized.txt,state,I,x2
LIYANAGE2026/LIYANAGE2026_Model7b_unknown_initial.txt,LIYANAGE2026/LIYANAGE2026_Model7b_unknown_initial_anonymized.txt,state,H,x3
LIYANAGE2026/LIYANAGE2026_Model7b_unknown_initial.txt,LIYANAGE2026/LIYANAGE2026_Model7b_unknown_initial_anonymized.txt,state,D,x4
LIYANAGE2026/LIYANAGE2026_Model7b_unknown_initial.txt,LIYANAGE2026/LIYANAGE2026_Model7b_unknown_initial_anonymized.txt,unknown_parameter,C,p1
LIYANAGE2026/LIYANAGE2026_Model7b_unknown_initial.txt,LIYANAGE2026/LIYANAGE2026_Model7b_unknown_initial_anonymized.txt,unknown_parameter,C2,p2
LIYANAGE2026/LIYANAGE2026_Model7b_unknown_initial.txt,LIYANAGE2026/LIYANAGE2026_Model7b_unknown_initial_anonymized.txt,unknown_parameter,C3,p3
LIYANAGE2026/LIYANAGE2026_Model7b_unknown_initial.txt,LIYANAGE2026/LIYANAGE2026_Model7b_unknown_initial_anonymized.txt,unknown_parameter,a,p4
LIYANAGE2026/LIYANAGE2026_Model7b_unknown_initial.txt,LIYANAGE2026/LIYANAGE2026_Model7b_unknown_initial_anonymized.txt,unknown_parameter,bD,p5
LIYANAGE2026/LIYANAGE2026_Model7b_unknown_initial.txt,LIYANAGE2026/LIYANAGE2026_Model7b_unknown_initial_anonymized.txt,unknown_parameter,bH,p6
LIYANAGE2026/LIYANAGE2026_Model7b_unknown_initial.txt,LIYANAGE2026/LIYANAGE2026_Model7b_unknown_initial_anonymized.txt,unknown_parameter,bI,p7
LIYANAGE2026/LIYANAGE2026_Model7b_unknown_initial.txt,LIYANAGE2026/LIYANAGE2026_Model7b_unknown_initial_anonymized.txt,unknown_parameter,dH,p8
LIYANAGE2026/LIYANAGE2026_Model7b_unknown_initial.txt,LIYANAGE2026/LIYANAGE2026_Model7b_unknown_initial_anonymized.txt,unknown_parameter,dI,p9
LIYANAGE2026/LIYANAGE2026_Model7b_unknown_initial.txt,LIYANAGE2026/LIYANAGE2026_Model7b_unknown_initial_anonymized.txt,unknown_parameter,gH,p10
LIYANAGE2026/LIYANAGE2026_Model7b_unknown_initial.txt,LIYANAGE2026/LIYANAGE2026_Model7b_unknown_initial_anonymized.txt,unknown_parameter,gI,p11
LIYANAGE2026/LIYANAGE2026_Model7b_unknown_initial.txt,LIYANAGE2026/LIYANAGE2026_Model7b_unknown_initial_anonymized.txt,unknown_parameter,k,p12
LIYANAGE2026/LIYANAGE2026_Model7c_known_initial.txt,LIYANAGE2026/LIYANAGE2026_Model7c_known_initial_anonymized.txt,state,E,x1
LIYANAGE2026/LIYANAGE2026_Model7c_known_initial.txt,LIYANAGE2026/LIYANAGE2026_Model7c_known_initial_anonymized.txt,state,I,x2
LIYANAGE2026/LIYANAGE2026_Model7c_known_initial.txt,LIYANAGE2026/LIYANAGE2026_Model7c_known_initial_anonymized.txt,state,H,x3
LIYANAGE2026/LIYANAGE2026_Model7c_known_initial.txt,LIYANAGE2026/LIYANAGE2026_Model7c_known_initial_anonymized.txt,state,D,x4
LIYANAGE2026/LIYANAGE2026_Model7c_known_initial.txt,LIYANAGE2026/LIYANAGE2026_Model7c_known_initial_anonymized.txt,unknown_parameter,C,p1
LIYANAGE2026/LIYANAGE2026_Model7c_known_initial.txt,LIYANAGE2026/LIYANAGE2026_Model7c_known_initial_anonymized.txt,unknown_parameter,C2,p2
LIYANAGE2026/LIYANAGE2026_Model7c_known_initial.txt,LIYANAGE2026/LIYANAGE2026_Model7c_known_initial_anonymized.txt,unknown_parameter,C3,p3
LIYANAGE2026/LIYANAGE2026_Model7c_known_initial.txt,LIYANAGE2026/LIYANAGE2026_Model7c_known_initial_anonymized.txt,unknown_parameter,a,p4
LIYANAGE2026/LIYANAGE2026_Model7c_known_initial.txt,LIYANAGE2026/LIYANAGE2026_Model7c_known_initial_anonymized.txt,unknown_parameter,bD,p5
LIYANAGE2026/LIYANAGE2026_Model7c_known_initial.txt,LIYANAGE2026/LIYANAGE2026_Model7c_known_initial_anonymized.txt,unknown_parameter,bH,p6
LIYANAGE2026/LIYANAGE2026_Model7c_known_initial.txt,LIYANAGE2026/LIYANAGE2026_Model7c_known_initial_anonymized.txt,unknown_parameter,bI,p7
LIYANAGE2026/LIYANAGE2026_Model7c_known_initial.txt,LIYANAGE2026/LIYANAGE2026_Model7c_known_initial_anonymized.txt,unknown_parameter,dH,p8
LIYANAGE2026/LIYANAGE2026_Model7c_known_initial.txt,LIYANAGE2026/LIYANAGE2026_Model7c_known_initial_anonymized.txt,unknown_parameter,dI,p9
LIYANAGE2026/LIYANAGE2026_Model7c_known_initial.txt,LIYANAGE2026/LIYANAGE2026_Model7c_known_initial_anonymized.txt,unknown_parameter,gH,p10
LIYANAGE2026/LIYANAGE2026_Model7c_known_initial.txt,LIYANAGE2026/LIYANAGE2026_Model7c_known_initial_anonymized.txt,unknown_parameter,gI,p11
LIYANAGE2026/LIYANAGE2026_Model7c_known_initial.txt,LIYANAGE2026/LIYANAGE2026_Model7c_known_initial_anonymized.txt,unknown_parameter,k,p12
LIYANAGE2026/LIYANAGE2026_Model7c_unknown_initial.txt,LIYANAGE2026/LIYANAGE2026_Model7c_unknown_initial_anonymized.txt,state,E,x1
LIYANAGE2026/LIYANAGE2026_Model7c_unknown_initial.txt,LIYANAGE2026/LIYANAGE2026_Model7c_unknown_initial_anonymized.txt,state,I,x2
LIYANAGE2026/LIYANAGE2026_Model7c_unknown_initial.txt,LIYANAGE2026/LIYANAGE2026_Model7c_unknown_initial_anonymized.txt,state,H,x3
LIYANAGE2026/LIYANAGE2026_Model7c_unknown_initial.txt,LIYANAGE2026/LIYANAGE2026_Model7c_unknown_initial_anonymized.txt,state,D,x4
LIYANAGE2026/LIYANAGE2026_Model7c_unknown_initial.txt,LIYANAGE2026/LIYANAGE2026_Model7c_unknown_initial_anonymized.txt,unknown_parameter,C,p1
LIYANAGE2026/LIYANAGE2026_Model7c_unknown_initial.txt,LIYANAGE2026/LIYANAGE2026_Model7c_unknown_initial_anonymized.txt,unknown_parameter,C2,p2
LIYANAGE2026/LIYANAGE2026_Model7c_unknown_initial.txt,LIYANAGE2026/LIYANAGE2026_Model7c_unknown_initial_anonymized.txt,unknown_parameter,C3,p3
LIYANAGE2026/LIYANAGE2026_Model7c_unknown_initial.txt,LIYANAGE2026/LIYANAGE2026_Model7c_unknown_initial_anonymized.txt,unknown_parameter,a,p4
LIYANAGE2026/LIYANAGE2026_Model7c_unknown_initial.txt,LIYANAGE2026/LIYANAGE2026_Model7c_unknown_initial_anonymized.txt,unknown_parameter,bD,p5
LIYANAGE2026/LIYANAGE2026_Model7c_unknown_initial.txt,LIYANAGE2026/LIYANAGE2026_Model7c_unknown_initial_anonymized.txt,unknown_parameter,bH,p6
LIYANAGE2026/LIYANAGE2026_Model7c_unknown_initial.txt,LIYANAGE2026/LIYANAGE2026_Model7c_unknown_initial_anonymized.txt,unknown_parameter,bI,p7
LIYANAGE2026/LIYANAGE2026_Model7c_unknown_initial.txt,LIYANAGE2026/LIYANAGE2026_Model7c_unknown_initial_anonymized.txt,unknown_parameter,dH,p8
LIYANAGE2026/LIYANAGE2026_Model7c_unknown_initial.txt,LIYANAGE2026/LIYANAGE2026_Model7c_unknown_initial_anonymized.txt,unknown_parameter,dI,p9
LIYANAGE2026/LIYANAGE2026_Model7c_unknown_initial.txt,LIYANAGE2026/LIYANAGE2026_Model7c_unknown_initial_anonymized.txt,unknown_parameter,gH,p10
LIYANAGE2026/LIYANAGE2026_Model7c_unknown_initial.txt,LIYANAGE2026/LIYANAGE2026_Model7c_unknown_initial_anonymized.txt,unknown_parameter,gI,p11
LIYANAGE2026/LIYANAGE2026_Model7c_unknown_initial.txt,LIYANAGE2026/LIYANAGE2026_Model7c_unknown_initial_anonymized.txt,unknown_parameter,k,p12
LIYANAGE2026/LIYANAGE2026_Model8a_known_initial.txt,LIYANAGE2026/LIYANAGE2026_Model8a_known_initial_anonymized.txt,state,E,x1
LIYANAGE2026/LIYANAGE2026_Model8a_known_initial.txt,LIYANAGE2026/LIYANAGE2026_Model8a_known_initial_anonymized.txt,state,Ip,x2
LIYANAGE2026/LIYANAGE2026_Model8a_known_initial.txt,LIYANAGE2026/LIYANAGE2026_Model8a_known_initial_anonymized.txt,state,I,x3
LIYANAGE2026/LIYANAGE2026_Model8a_known_initial.txt,LIYANAGE2026/LIYANAGE2026_Model8a_known_initial_anonymized.txt,state,D,x4
LIYANAGE2026/LIYANAGE2026_Model8a_known_initial.txt,LIYANAGE2026/LIYANAGE2026_Model8a_known_initial_anonymized.txt,state,Y,x5
LIYANAGE2026/LIYANAGE2026_Model8a_known_initial.txt,LIYANAGE2026/LIYANAGE2026_Model8a_known_initial_anonymized.txt,unknown_parameter,C,p1
LIYANAGE2026/LIYANAGE2026_Model8a_known_initial.txt,LIYANAGE2026/LIYANAGE2026_Model8a_known_initial_anonymized.txt,unknown_parameter,C1,p2
LIYANAGE2026/LIYANAGE2026_Model8a_known_initial.txt,LIYANAGE2026/LIYANAGE2026_Model8a_known_initial_anonymized.txt,unknown_parameter,betaI,p3
LIYANAGE2026/LIYANAGE2026_Model8a_known_initial.txt,LIYANAGE2026/LIYANAGE2026_Model8a_known_initial_anonymized.txt,unknown_parameter,betap,p4
LIYANAGE2026/LIYANAGE2026_Model8a_known_initial.txt,LIYANAGE2026/LIYANAGE2026_Model8a_known_initial_anonymized.txt,unknown_parameter,delta,p5
LIYANAGE2026/LIYANAGE2026_Model8a_known_initial.txt,LIYANAGE2026/LIYANAGE2026_Model8a_known_initial_anonymized.txt,unknown_parameter,gamma,p6
LIYANAGE2026/LIYANAGE2026_Model8a_known_initial.txt,LIYANAGE2026/LIYANAGE2026_Model8a_known_initial_anonymized.txt,unknown_parameter,gammap,p7
LIYANAGE2026/LIYANAGE2026_Model8a_known_initial.txt,LIYANAGE2026/LIYANAGE2026_Model8a_known_initial_anonymized.txt,unknown_parameter,k,p8
LIYANAGE2026/LIYANAGE2026_Model8a_known_initial.txt,LIYANAGE2026/LIYANAGE2026_Model8a_known_initial_anonymized.txt,unknown_parameter,kp,p9
LIYANAGE2026/LIYANAGE2026_Model8a_unknown_initial.txt,LIYANAGE2026/LIYANAGE2026_Model8a_unknown_initial_anonymized.txt,state,E,x1
LIYANAGE2026/LIYANAGE2026_Model8a_unknown_initial.txt,LIYANAGE2026/LIYANAGE2026_Model8a_unknown_initial_anonymized.txt,state,Ip,x2
LIYANAGE2026/LIYANAGE2026_Model8a_unknown_initial.txt,LIYANAGE2026/LIYANAGE2026_Model8a_unknown_initial_anonymized.txt,state,I,x3
LIYANAGE2026/LIYANAGE2026_Model8a_unknown_initial.txt,LIYANAGE2026/LIYANAGE2026_Model8a_unknown_initial_anonymized.txt,state,D,x4
LIYANAGE2026/LIYANAGE2026_Model8a_unknown_initial.txt,LIYANAGE2026/LIYANAGE2026_Model8a_unknown_initial_anonymized.txt,state,Y,x5
LIYANAGE2026/LIYANAGE2026_Model8a_unknown_initial.txt,LIYANAGE2026/LIYANAGE2026_Model8a_unknown_initial_anonymized.txt,unknown_parameter,C,p1
LIYANAGE2026/LIYANAGE2026_Model8a_unknown_initial.txt,LIYANAGE2026/LIYANAGE2026_Model8a_unknown_initial_anonymized.txt,unknown_parameter,C1,p2
LIYANAGE2026/LIYANAGE2026_Model8a_unknown_initial.txt,LIYANAGE2026/LIYANAGE2026_Model8a_unknown_initial_anonymized.txt,unknown_parameter,betaI,p3
LIYANAGE2026/LIYANAGE2026_Model8a_unknown_initial.txt,LIYANAGE2026/LIYANAGE2026_Model8a_unknown_initial_anonymized.txt,unknown_parameter,betap,p4
LIYANAGE2026/LIYANAGE2026_Model8a_unknown_initial.txt,LIYANAGE2026/LIYANAGE2026_Model8a_unknown_initial_anonymized.txt,unknown_parameter,delta,p5
LIYANAGE2026/LIYANAGE2026_Model8a_unknown_initial.txt,LIYANAGE2026/LIYANAGE2026_Model8a_unknown_initial_anonymized.txt,unknown_parameter,gamma,p6
LIYANAGE2026/LIYANAGE2026_Model8a_unknown_initial.txt,LIYANAGE2026/LIYANAGE2026_Model8a_unknown_initial_anonymized.txt,unknown_parameter,gammap,p7
LIYANAGE2026/LIYANAGE2026_Model8a_unknown_initial.txt,LIYANAGE2026/LIYANAGE2026_Model8a_unknown_initial_anonymized.txt,unknown_parameter,k,p8
LIYANAGE2026/LIYANAGE2026_Model8a_unknown_initial.txt,LIYANAGE2026/LIYANAGE2026_Model8a_unknown_initial_anonymized.txt,unknown_parameter,kp,p9
LIYANAGE2026/LIYANAGE2026_Model8b_known_initial.txt,LIYANAGE2026/LIYANAGE2026_Model8b_known_initial_anonymized.txt,state,S,x1
LIYANAGE2026/LIYANAGE2026_Model8b_known_initial.txt,LIYANAGE2026/LIYANAGE2026_Model8b_known_initial_anonymized.txt,state,E,x2
LIYANAGE2026/LIYANAGE2026_Model8b_known_initial.txt,LIYANAGE2026/LIYANAGE2026_Model8b_known_initial_anonymized.txt,state,Ip,x3
LIYANAGE2026/LIYANAGE2026_Model8b_known_initial.txt,LIYANAGE2026/LIYANAGE2026_Model8b_known_initial_anonymized.txt,state,I,x4
LIYANAGE2026/LIYANAGE2026_Model8b_known_initial.txt,LIYANAGE2026/LIYANAGE2026_Model8b_known_initial_anonymized.txt,state,R,x5
LIYANAGE2026/LIYANAGE2026_Model8b_known_initial.txt,LIYANAGE2026/LIYANAGE2026_Model8b_known_initial_anonymized.txt,state,D,x6
LIYANAGE2026/LIYANAGE2026_Model8b_known_initial.txt,LIYANAGE2026/LIYANAGE2026_Model8b_known_initial_anonymized.txt,unknown_parameter,betaI,p1
LIYANAGE2026/LIYANAGE2026_Model8b_known_initial.txt,LIYANAGE2026/LIYANAGE2026_Model8b_known_initial_anonymized.txt,unknown_parameter,betap,p2
LIYANAGE2026/LIYANAGE2026_Model8b_known_initial.txt,LIYANAGE2026/LIYANAGE2026_Model8b_known_initial_anonymized.txt,unknown_parameter,delta,p3
LIYANAGE2026/LIYANAGE2026_Model8b_known_initial.txt,LIYANAGE2026/LIYANAGE2026_Model8b_known_initial_anonymized.txt,unknown_parameter,gamma,p4
LIYANAGE2026/LIYANAGE2026_Model8b_known_initial.txt,LIYANAGE2026/LIYANAGE2026_Model8b_known_initial_anonymized.txt,unknown_parameter,gammap,p5
LIYANAGE2026/LIYANAGE2026_Model8b_known_initial.txt,LIYANAGE2026/LIYANAGE2026_Model8b_known_initial_anonymized.txt,unknown_parameter,k,p6
LIYANAGE2026/LIYANAGE2026_Model8b_known_initial.txt,LIYANAGE2026/LIYANAGE2026_Model8b_known_initial_anonymized.txt,unknown_parameter,kp,p7
LIYANAGE2026/LIYANAGE2026_Model8b_unknown_initial.txt,LIYANAGE2026/LIYANAGE2026_Model8b_unknown_initial_anonymized.txt,state,S,x1
LIYANAGE2026/LIYANAGE2026_Model8b_unknown_initial.txt,LIYANAGE2026/LIYANAGE2026_Model8b_unknown_initial_anonymized.txt,state,E,x2
LIYANAGE2026/LIYANAGE2026_Model8b_unknown_initial.txt,LIYANAGE2026/LIYANAGE2026_Model8b_unknown_initial_anonymized.txt,state,Ip,x3
LIYANAGE2026/LIYANAGE2026_Model8b_unknown_initial.txt,LIYANAGE2026/LIYANAGE2026_Model8b_unknown_initial_anonymized.txt,state,I,x4
LIYANAGE2026/LIYANAGE2026_Model8b_unknown_initial.txt,LIYANAGE2026/LIYANAGE2026_Model8b_unknown_initial_anonymized.txt,state,R,x5
LIYANAGE2026/LIYANAGE2026_Model8b_unknown_initial.txt,LIYANAGE2026/LIYANAGE2026_Model8b_unknown_initial_anonymized.txt,state,D,x6
LIYANAGE2026/LIYANAGE2026_Model8b_unknown_initial.txt,LIYANAGE2026/LIYANAGE2026_Model8b_unknown_initial_anonymized.txt,unknown_parameter,betaI,p1
LIYANAGE2026/LIYANAGE2026_Model8b_unknown_initial.txt,LIYANAGE2026/LIYANAGE2026_Model8b_unknown_initial_anonymized.txt,unknown_parameter,betap,p2
LIYANAGE2026/LIYANAGE2026_Model8b_unknown_initial.txt,LIYANAGE2026/LIYANAGE2026_Model8b_unknown_initial_anonymized.txt,unknown_parameter,delta,p3
LIYANAGE2026/LIYANAGE2026_Model8b_unknown_initial.txt,LIYANAGE2026/LIYANAGE2026_Model8b_unknown_initial_anonymized.txt,unknown_parameter,gamma,p4
LIYANAGE2026/LIYANAGE2026_Model8b_unknown_initial.txt,LIYANAGE2026/LIYANAGE2026_Model8b_unknown_initial_anonymized.txt,unknown_parameter,gammap,p5
LIYANAGE2026/LIYANAGE2026_Model8b_unknown_initial.txt,LIYANAGE2026/LIYANAGE2026_Model8b_unknown_initial_anonymized.txt,unknown_parameter,k,p6
LIYANAGE2026/LIYANAGE2026_Model8b_unknown_initial.txt,LIYANAGE2026/LIYANAGE2026_Model8b_unknown_initial_anonymized.txt,unknown_parameter,kp,p7
LIYANAGE2026/LIYANAGE2026_Model9_known_initial.txt,LIYANAGE2026/LIYANAGE2026_Model9_known_initial_anonymized.txt,state,S,x1
LIYANAGE2026/LIYANAGE2026_Model9_known_initial.txt,LIYANAGE2026/LIYANAGE2026_Model9_known_initial_anonymized.txt,state,E,x2
LIYANAGE2026/LIYANAGE2026_Model9_known_initial.txt,LIYANAGE2026/LIYANAGE2026_Model9_known_initial_anonymized.txt,state,I,x3
LIYANAGE2026/LIYANAGE2026_Model9_known_initial.txt,LIYANAGE2026/LIYANAGE2026_Model9_known_initial_anonymized.txt,state,U,x4
LIYANAGE2026/LIYANAGE2026_Model9_known_initial.txt,LIYANAGE2026/LIYANAGE2026_Model9_known_initial_anonymized.txt,state,R,x5
LIYANAGE2026/LIYANAGE2026_Model9_known_initial.txt,LIYANAGE2026/LIYANAGE2026_Model9_known_initial_anonymized.txt,unknown_parameter,betaI,p1
LIYANAGE2026/LIYANAGE2026_Model9_known_initial.txt,LIYANAGE2026/LIYANAGE2026_Model9_known_initial_anonymized.txt,unknown_parameter,betaU,p2
LIYANAGE2026/LIYANAGE2026_Model9_known_initial.txt,LIYANAGE2026/LIYANAGE2026_Model9_known_initial_anonymized.txt,unknown_parameter,gamma,p3
LIYANAGE2026/LIYANAGE2026_Model9_known_initial.txt,LIYANAGE2026/LIYANAGE2026_Model9_known_initial_anonymized.txt,unknown_parameter,k,p4
LIYANAGE2026/LIYANAGE2026_Model9_known_initial.txt,LIYANAGE2026/LIYANAGE2026_Model9_known_initial_anonymized.txt,unknown_parameter,rho,p5
LIYANAGE2026/LIYANAGE2026_Model9_known_initial.txt,LIYANAGE2026/LIYANAGE2026_Model9_known_initial_anonymized.txt,known_input_or_constant,N,c1
LIYANAGE2026/LIYANAGE2026_Model9_unknown_initial.txt,LIYANAGE2026/LIYANAGE2026_Model9_unknown_initial_anonymized.txt,state,S,x1
LIYANAGE2026/LIYANAGE2026_Model9_unknown_initial.txt,LIYANAGE2026/LIYANAGE2026_Model9_unknown_initial_anonymized.txt,state,E,x2
LIYANAGE2026/LIYANAGE2026_Model9_unknown_initial.txt,LIYANAGE2026/LIYANAGE2026_Model9_unknown_initial_anonymized.txt,state,I,x3
LIYANAGE2026/LIYANAGE2026_Model9_unknown_initial.txt,LIYANAGE2026/LIYANAGE2026_Model9_unknown_initial_anonymized.txt,state,U,x4
LIYANAGE2026/LIYANAGE2026_Model9_unknown_initial.txt,LIYANAGE2026/LIYANAGE2026_Model9_unknown_initial_anonymized.txt,state,R,x5
LIYANAGE2026/LIYANAGE2026_Model9_unknown_initial.txt,LIYANAGE2026/LIYANAGE2026_Model9_unknown_initial_anonymized.txt,unknown_parameter,betaI,p1
LIYANAGE2026/LIYANAGE2026_Model9_unknown_initial.txt,LIYANAGE2026/LIYANAGE2026_Model9_unknown_initial_anonymized.txt,unknown_parameter,betaU,p2
LIYANAGE2026/LIYANAGE2026_Model9_unknown_initial.txt,LIYANAGE2026/LIYANAGE2026_Model9_unknown_initial_anonymized.txt,unknown_parameter,gamma,p3
LIYANAGE2026/LIYANAGE2026_Model9_unknown_initial.txt,LIYANAGE2026/LIYANAGE2026_Model9_unknown_initial_anonymized.txt,unknown_parameter,k,p4
LIYANAGE2026/LIYANAGE2026_Model9_unknown_initial.txt,LIYANAGE2026/LIYANAGE2026_Model9_unknown_initial_anonymized.txt,unknown_parameter,rho,p5
LIYANAGE2026/LIYANAGE2026_Model9_unknown_initial.txt,LIYANAGE2026/LIYANAGE2026_Model9_unknown_initial_anonymized.txt,unknown_parameter,N,p6
NDAIROU2020/NDAIROU2020_seipahrf_published_outputs_known_initial.txt,NDAIROU2020/NDAIROU2020_seipahrf_published_outputs_known_initial_anonymized.txt,state,S,x1
NDAIROU2020/NDAIROU2020_seipahrf_published_outputs_known_initial.txt,NDAIROU2020/NDAIROU2020_seipahrf_published_outputs_known_initial_anonymized.txt,state,E,x2
NDAIROU2020/NDAIROU2020_seipahrf_published_outputs_known_initial.txt,NDAIROU2020/NDAIROU2020_seipahrf_published_outputs_known_initial_anonymized.txt,state,I,x3
NDAIROU2020/NDAIROU2020_seipahrf_published_outputs_known_initial.txt,NDAIROU2020/NDAIROU2020_seipahrf_published_outputs_known_initial_anonymized.txt,state,P,x4
NDAIROU2020/NDAIROU2020_seipahrf_published_outputs_known_initial.txt,NDAIROU2020/NDAIROU2020_seipahrf_published_outputs_known_initial_anonymized.txt,state,A,x5
NDAIROU2020/NDAIROU2020_seipahrf_published_outputs_known_initial.txt,NDAIROU2020/NDAIROU2020_seipahrf_published_outputs_known_initial_anonymized.txt,state,H,x6
NDAIROU2020/NDAIROU2020_seipahrf_published_outputs_known_initial.txt,NDAIROU2020/NDAIROU2020_seipahrf_published_outputs_known_initial_anonymized.txt,state,R,x7
NDAIROU2020/NDAIROU2020_seipahrf_published_outputs_known_initial.txt,NDAIROU2020/NDAIROU2020_seipahrf_published_outputs_known_initial_anonymized.txt,state,F,x8
NDAIROU2020/NDAIROU2020_seipahrf_published_outputs_known_initial.txt,NDAIROU2020/NDAIROU2020_seipahrf_published_outputs_known_initial_anonymized.txt,unknown_parameter,beta,p1
NDAIROU2020/NDAIROU2020_seipahrf_published_outputs_known_initial.txt,NDAIROU2020/NDAIROU2020_seipahrf_published_outputs_known_initial_anonymized.txt,unknown_parameter,beta_prime,p2
NDAIROU2020/NDAIROU2020_seipahrf_published_outputs_known_initial.txt,NDAIROU2020/NDAIROU2020_seipahrf_published_outputs_known_initial_anonymized.txt,unknown_parameter,delta_h,p3
NDAIROU2020/NDAIROU2020_seipahrf_published_outputs_known_initial.txt,NDAIROU2020/NDAIROU2020_seipahrf_published_outputs_known_initial_anonymized.txt,unknown_parameter,delta_i,p4
NDAIROU2020/NDAIROU2020_seipahrf_published_outputs_known_initial.txt,NDAIROU2020/NDAIROU2020_seipahrf_published_outputs_known_initial_anonymized.txt,unknown_parameter,delta_p,p5
NDAIROU2020/NDAIROU2020_seipahrf_published_outputs_known_initial.txt,NDAIROU2020/NDAIROU2020_seipahrf_published_outputs_known_initial_anonymized.txt,unknown_parameter,ell,p6
NDAIROU2020/NDAIROU2020_seipahrf_published_outputs_known_initial.txt,NDAIROU2020/NDAIROU2020_seipahrf_published_outputs_known_initial_anonymized.txt,unknown_parameter,gamma_a,p7
NDAIROU2020/NDAIROU2020_seipahrf_published_outputs_known_initial.txt,NDAIROU2020/NDAIROU2020_seipahrf_published_outputs_known_initial_anonymized.txt,unknown_parameter,gamma_i,p8
NDAIROU2020/NDAIROU2020_seipahrf_published_outputs_known_initial.txt,NDAIROU2020/NDAIROU2020_seipahrf_published_outputs_known_initial_anonymized.txt,unknown_parameter,gamma_r,p9
NDAIROU2020/NDAIROU2020_seipahrf_published_outputs_known_initial.txt,NDAIROU2020/NDAIROU2020_seipahrf_published_outputs_known_initial_anonymized.txt,unknown_parameter,kappa,p10
NDAIROU2020/NDAIROU2020_seipahrf_published_outputs_known_initial.txt,NDAIROU2020/NDAIROU2020_seipahrf_published_outputs_known_initial_anonymized.txt,unknown_parameter,rho1,p11
NDAIROU2020/NDAIROU2020_seipahrf_published_outputs_known_initial.txt,NDAIROU2020/NDAIROU2020_seipahrf_published_outputs_known_initial_anonymized.txt,unknown_parameter,rho2,p12
NDAIROU2020/NDAIROU2020_seipahrf_published_outputs_known_initial.txt,NDAIROU2020/NDAIROU2020_seipahrf_published_outputs_known_initial_anonymized.txt,known_input_or_constant,N,c1
NDAIROU2020/NDAIROU2020_seipahrf_published_outputs_unknown_initial.txt,NDAIROU2020/NDAIROU2020_seipahrf_published_outputs_unknown_initial_anonymized.txt,state,S,x1
NDAIROU2020/NDAIROU2020_seipahrf_published_outputs_unknown_initial.txt,NDAIROU2020/NDAIROU2020_seipahrf_published_outputs_unknown_initial_anonymized.txt,state,E,x2
NDAIROU2020/NDAIROU2020_seipahrf_published_outputs_unknown_initial.txt,NDAIROU2020/NDAIROU2020_seipahrf_published_outputs_unknown_initial_anonymized.txt,state,I,x3
NDAIROU2020/NDAIROU2020_seipahrf_published_outputs_unknown_initial.txt,NDAIROU2020/NDAIROU2020_seipahrf_published_outputs_unknown_initial_anonymized.txt,state,P,x4
NDAIROU2020/NDAIROU2020_seipahrf_published_outputs_unknown_initial.txt,NDAIROU2020/NDAIROU2020_seipahrf_published_outputs_unknown_initial_anonymized.txt,state,A,x5
NDAIROU2020/NDAIROU2020_seipahrf_published_outputs_unknown_initial.txt,NDAIROU2020/NDAIROU2020_seipahrf_published_outputs_unknown_initial_anonymized.txt,state,H,x6
NDAIROU2020/NDAIROU2020_seipahrf_published_outputs_unknown_initial.txt,NDAIROU2020/NDAIROU2020_seipahrf_published_outputs_unknown_initial_anonymized.txt,state,R,x7
NDAIROU2020/NDAIROU2020_seipahrf_published_outputs_unknown_initial.txt,NDAIROU2020/NDAIROU2020_seipahrf_published_outputs_unknown_initial_anonymized.txt,state,F,x8
NDAIROU2020/NDAIROU2020_seipahrf_published_outputs_unknown_initial.txt,NDAIROU2020/NDAIROU2020_seipahrf_published_outputs_unknown_initial_anonymized.txt,unknown_parameter,beta,p1
NDAIROU2020/NDAIROU2020_seipahrf_published_outputs_unknown_initial.txt,NDAIROU2020/NDAIROU2020_seipahrf_published_outputs_unknown_initial_anonymized.txt,unknown_parameter,beta_prime,p2
NDAIROU2020/NDAIROU2020_seipahrf_published_outputs_unknown_initial.txt,NDAIROU2020/NDAIROU2020_seipahrf_published_outputs_unknown_initial_anonymized.txt,unknown_parameter,delta_h,p3
NDAIROU2020/NDAIROU2020_seipahrf_published_outputs_unknown_initial.txt,NDAIROU2020/NDAIROU2020_seipahrf_published_outputs_unknown_initial_anonymized.txt,unknown_parameter,delta_i,p4
NDAIROU2020/NDAIROU2020_seipahrf_published_outputs_unknown_initial.txt,NDAIROU2020/NDAIROU2020_seipahrf_published_outputs_unknown_initial_anonymized.txt,unknown_parameter,delta_p,p5
NDAIROU2020/NDAIROU2020_seipahrf_published_outputs_unknown_initial.txt,NDAIROU2020/NDAIROU2020_seipahrf_published_outputs_unknown_initial_anonymized.txt,unknown_parameter,ell,p6
NDAIROU2020/NDAIROU2020_seipahrf_published_outputs_unknown_initial.txt,NDAIROU2020/NDAIROU2020_seipahrf_published_outputs_unknown_initial_anonymized.txt,unknown_parameter,gamma_a,p7
NDAIROU2020/NDAIROU2020_seipahrf_published_outputs_unknown_initial.txt,NDAIROU2020/NDAIROU2020_seipahrf_published_outputs_unknown_initial_anonymized.txt,unknown_parameter,gamma_i,p8
NDAIROU2020/NDAIROU2020_seipahrf_published_outputs_unknown_initial.txt,NDAIROU2020/NDAIROU2020_seipahrf_published_outputs_unknown_initial_anonymized.txt,unknown_parameter,gamma_r,p9
NDAIROU2020/NDAIROU2020_seipahrf_published_outputs_unknown_initial.txt,NDAIROU2020/NDAIROU2020_seipahrf_published_outputs_unknown_initial_anonymized.txt,unknown_parameter,kappa,p10
NDAIROU2020/NDAIROU2020_seipahrf_published_outputs_unknown_initial.txt,NDAIROU2020/NDAIROU2020_seipahrf_published_outputs_unknown_initial_anonymized.txt,unknown_parameter,rho1,p11
NDAIROU2020/NDAIROU2020_seipahrf_published_outputs_unknown_initial.txt,NDAIROU2020/NDAIROU2020_seipahrf_published_outputs_unknown_initial_anonymized.txt,unknown_parameter,rho2,p12
NDAIROU2020/NDAIROU2020_seipahrf_published_outputs_unknown_initial.txt,NDAIROU2020/NDAIROU2020_seipahrf_published_outputs_unknown_initial_anonymized.txt,known_input_or_constant,N,c1
ROOSA2019/ROOSA2019_m1_seir_incidence.txt,ROOSA2019/ROOSA2019_m1_seir_incidence_anonymized.txt,state,S,x1
ROOSA2019/ROOSA2019_m1_seir_incidence.txt,ROOSA2019/ROOSA2019_m1_seir_incidence_anonymized.txt,state,E,x2
ROOSA2019/ROOSA2019_m1_seir_incidence.txt,ROOSA2019/ROOSA2019_m1_seir_incidence_anonymized.txt,state,I,x3
ROOSA2019/ROOSA2019_m1_seir_incidence.txt,ROOSA2019/ROOSA2019_m1_seir_incidence_anonymized.txt,state,R,x4
ROOSA2019/ROOSA2019_m1_seir_incidence.txt,ROOSA2019/ROOSA2019_m1_seir_incidence_anonymized.txt,state,C,x5
ROOSA2019/ROOSA2019_m1_seir_incidence.txt,ROOSA2019/ROOSA2019_m1_seir_incidence_anonymized.txt,unknown_parameter,beta,p1
ROOSA2019/ROOSA2019_m1_seir_incidence.txt,ROOSA2019/ROOSA2019_m1_seir_incidence_anonymized.txt,unknown_parameter,gamma,p2
ROOSA2019/ROOSA2019_m1_seir_incidence.txt,ROOSA2019/ROOSA2019_m1_seir_incidence_anonymized.txt,unknown_parameter,k,p3
ROOSA2019/ROOSA2019_m1_seir_incidence.txt,ROOSA2019/ROOSA2019_m1_seir_incidence_anonymized.txt,known_input_or_constant,N,c1
ROOSA2019/ROOSA2019_m2_seiar_diagnosis.txt,ROOSA2019/ROOSA2019_m2_seiar_diagnosis_anonymized.txt,state,S,x1
ROOSA2019/ROOSA2019_m2_seiar_diagnosis.txt,ROOSA2019/ROOSA2019_m2_seiar_diagnosis_anonymized.txt,state,E,x2
ROOSA2019/ROOSA2019_m2_seiar_diagnosis.txt,ROOSA2019/ROOSA2019_m2_seiar_diagnosis_anonymized.txt,state,A,x3
ROOSA2019/ROOSA2019_m2_seiar_diagnosis.txt,ROOSA2019/ROOSA2019_m2_seiar_diagnosis_anonymized.txt,state,I,x4
ROOSA2019/ROOSA2019_m2_seiar_diagnosis.txt,ROOSA2019/ROOSA2019_m2_seiar_diagnosis_anonymized.txt,state,J,x5
ROOSA2019/ROOSA2019_m2_seiar_diagnosis.txt,ROOSA2019/ROOSA2019_m2_seiar_diagnosis_anonymized.txt,state,R,x6
ROOSA2019/ROOSA2019_m2_seiar_diagnosis.txt,ROOSA2019/ROOSA2019_m2_seiar_diagnosis_anonymized.txt,state,C,x7
ROOSA2019/ROOSA2019_m2_seiar_diagnosis.txt,ROOSA2019/ROOSA2019_m2_seiar_diagnosis_anonymized.txt,unknown_parameter,alpha,p1
ROOSA2019/ROOSA2019_m2_seiar_diagnosis.txt,ROOSA2019/ROOSA2019_m2_seiar_diagnosis_anonymized.txt,unknown_parameter,beta,p2
ROOSA2019/ROOSA2019_m2_seiar_diagnosis.txt,ROOSA2019/ROOSA2019_m2_seiar_diagnosis_anonymized.txt,unknown_parameter,gamma1,p3
ROOSA2019/ROOSA2019_m2_seiar_diagnosis.txt,ROOSA2019/ROOSA2019_m2_seiar_diagnosis_anonymized.txt,unknown_parameter,gamma2,p4
ROOSA2019/ROOSA2019_m2_seiar_diagnosis.txt,ROOSA2019/ROOSA2019_m2_seiar_diagnosis_anonymized.txt,unknown_parameter,k,p5
ROOSA2019/ROOSA2019_m2_seiar_diagnosis.txt,ROOSA2019/ROOSA2019_m2_seiar_diagnosis_anonymized.txt,unknown_parameter,q,p6
ROOSA2019/ROOSA2019_m2_seiar_diagnosis.txt,ROOSA2019/ROOSA2019_m2_seiar_diagnosis_anonymized.txt,unknown_parameter,rho,p7
ROOSA2019/ROOSA2019_m2_seiar_diagnosis.txt,ROOSA2019/ROOSA2019_m2_seiar_diagnosis_anonymized.txt,known_input_or_constant,N,c1
ROOSA2019/ROOSA2019_m3_ebola_legrand_incidence.txt,ROOSA2019/ROOSA2019_m3_ebola_legrand_incidence_anonymized.txt,state,S,x1
ROOSA2019/ROOSA2019_m3_ebola_legrand_incidence.txt,ROOSA2019/ROOSA2019_m3_ebola_legrand_incidence_anonymized.txt,state,E,x2
ROOSA2019/ROOSA2019_m3_ebola_legrand_incidence.txt,ROOSA2019/ROOSA2019_m3_ebola_legrand_incidence_anonymized.txt,state,I,x3
ROOSA2019/ROOSA2019_m3_ebola_legrand_incidence.txt,ROOSA2019/ROOSA2019_m3_ebola_legrand_incidence_anonymized.txt,state,H,x4
ROOSA2019/ROOSA2019_m3_ebola_legrand_incidence.txt,ROOSA2019/ROOSA2019_m3_ebola_legrand_incidence_anonymized.txt,state,F,x5
ROOSA2019/ROOSA2019_m3_ebola_legrand_incidence.txt,ROOSA2019/ROOSA2019_m3_ebola_legrand_incidence_anonymized.txt,state,R,x6
ROOSA2019/ROOSA2019_m3_ebola_legrand_incidence.txt,ROOSA2019/ROOSA2019_m3_ebola_legrand_incidence_anonymized.txt,state,C,x7
ROOSA2019/ROOSA2019_m3_ebola_legrand_incidence.txt,ROOSA2019/ROOSA2019_m3_ebola_legrand_incidence_anonymized.txt,unknown_parameter,alpha,p1
ROOSA2019/ROOSA2019_m3_ebola_legrand_incidence.txt,ROOSA2019/ROOSA2019_m3_ebola_legrand_incidence_anonymized.txt,unknown_parameter,betaF,p2
ROOSA2019/ROOSA2019_m3_ebola_legrand_incidence.txt,ROOSA2019/ROOSA2019_m3_ebola_legrand_incidence_anonymized.txt,unknown_parameter,betaH,p3
ROOSA2019/ROOSA2019_m3_ebola_legrand_incidence.txt,ROOSA2019/ROOSA2019_m3_ebola_legrand_incidence_anonymized.txt,unknown_parameter,betaI,p4
ROOSA2019/ROOSA2019_m3_ebola_legrand_incidence.txt,ROOSA2019/ROOSA2019_m3_ebola_legrand_incidence_anonymized.txt,unknown_parameter,delta1,p5
ROOSA2019/ROOSA2019_m3_ebola_legrand_incidence.txt,ROOSA2019/ROOSA2019_m3_ebola_legrand_incidence_anonymized.txt,unknown_parameter,delta2,p6
ROOSA2019/ROOSA2019_m3_ebola_legrand_incidence.txt,ROOSA2019/ROOSA2019_m3_ebola_legrand_incidence_anonymized.txt,unknown_parameter,gamma_d,p7
ROOSA2019/ROOSA2019_m3_ebola_legrand_incidence.txt,ROOSA2019/ROOSA2019_m3_ebola_legrand_incidence_anonymized.txt,unknown_parameter,gamma_dh,p8
ROOSA2019/ROOSA2019_m3_ebola_legrand_incidence.txt,ROOSA2019/ROOSA2019_m3_ebola_legrand_incidence_anonymized.txt,unknown_parameter,gamma_f,p9
ROOSA2019/ROOSA2019_m3_ebola_legrand_incidence.txt,ROOSA2019/ROOSA2019_m3_ebola_legrand_incidence_anonymized.txt,unknown_parameter,gamma_h,p10
ROOSA2019/ROOSA2019_m3_ebola_legrand_incidence.txt,ROOSA2019/ROOSA2019_m3_ebola_legrand_incidence_anonymized.txt,unknown_parameter,gamma_i,p11
ROOSA2019/ROOSA2019_m3_ebola_legrand_incidence.txt,ROOSA2019/ROOSA2019_m3_ebola_legrand_incidence_anonymized.txt,unknown_parameter,gamma_ih,p12
ROOSA2019/ROOSA2019_m3_ebola_legrand_incidence.txt,ROOSA2019/ROOSA2019_m3_ebola_legrand_incidence_anonymized.txt,unknown_parameter,theta,p13
ROOSA2019/ROOSA2019_m3_ebola_legrand_incidence.txt,ROOSA2019/ROOSA2019_m3_ebola_legrand_incidence_anonymized.txt,known_input_or_constant,N,c1
ROOSA2019/ROOSA2019_m4_zika_host_vector_incidence.txt,ROOSA2019/ROOSA2019_m4_zika_host_vector_incidence_anonymized.txt,state,Sh,x1
ROOSA2019/ROOSA2019_m4_zika_host_vector_incidence.txt,ROOSA2019/ROOSA2019_m4_zika_host_vector_incidence_anonymized.txt,state,Eh,x2
ROOSA2019/ROOSA2019_m4_zika_host_vector_incidence.txt,ROOSA2019/ROOSA2019_m4_zika_host_vector_incidence_anonymized.txt,state,Ih1,x3
ROOSA2019/ROOSA2019_m4_zika_host_vector_incidence.txt,ROOSA2019/ROOSA2019_m4_zika_host_vector_incidence_anonymized.txt,state,Ih2,x4
ROOSA2019/ROOSA2019_m4_zika_host_vector_incidence.txt,ROOSA2019/ROOSA2019_m4_zika_host_vector_incidence_anonymized.txt,state,Ah,x5
ROOSA2019/ROOSA2019_m4_zika_host_vector_incidence.txt,ROOSA2019/ROOSA2019_m4_zika_host_vector_incidence_anonymized.txt,state,Rh,x6
ROOSA2019/ROOSA2019_m4_zika_host_vector_incidence.txt,ROOSA2019/ROOSA2019_m4_zika_host_vector_incidence_anonymized.txt,state,Sv,x7
ROOSA2019/ROOSA2019_m4_zika_host_vector_incidence.txt,ROOSA2019/ROOSA2019_m4_zika_host_vector_incidence_anonymized.txt,state,Ev,x8
ROOSA2019/ROOSA2019_m4_zika_host_vector_incidence.txt,ROOSA2019/ROOSA2019_m4_zika_host_vector_incidence_anonymized.txt,state,Iv,x9
ROOSA2019/ROOSA2019_m4_zika_host_vector_incidence.txt,ROOSA2019/ROOSA2019_m4_zika_host_vector_incidence_anonymized.txt,state,C,x10
ROOSA2019/ROOSA2019_m4_zika_host_vector_incidence.txt,ROOSA2019/ROOSA2019_m4_zika_host_vector_incidence_anonymized.txt,unknown_parameter,a,p1
ROOSA2019/ROOSA2019_m4_zika_host_vector_incidence.txt,ROOSA2019/ROOSA2019_m4_zika_host_vector_incidence_anonymized.txt,unknown_parameter,alpha,p2
ROOSA2019/ROOSA2019_m4_zika_host_vector_incidence.txt,ROOSA2019/ROOSA2019_m4_zika_host_vector_incidence_anonymized.txt,unknown_parameter,b,p3
ROOSA2019/ROOSA2019_m4_zika_host_vector_incidence.txt,ROOSA2019/ROOSA2019_m4_zika_host_vector_incidence_anonymized.txt,unknown_parameter,beta,p4
ROOSA2019/ROOSA2019_m4_zika_host_vector_incidence.txt,ROOSA2019/ROOSA2019_m4_zika_host_vector_incidence_anonymized.txt,unknown_parameter,c,p5
ROOSA2019/ROOSA2019_m4_zika_host_vector_incidence.txt,ROOSA2019/ROOSA2019_m4_zika_host_vector_incidence_anonymized.txt,unknown_parameter,gamma_h,p6
ROOSA2019/ROOSA2019_m4_zika_host_vector_incidence.txt,ROOSA2019/ROOSA2019_m4_zika_host_vector_incidence_anonymized.txt,unknown_parameter,gamma_h1,p7
ROOSA2019/ROOSA2019_m4_zika_host_vector_incidence.txt,ROOSA2019/ROOSA2019_m4_zika_host_vector_incidence_anonymized.txt,unknown_parameter,gamma_h2,p8
ROOSA2019/ROOSA2019_m4_zika_host_vector_incidence.txt,ROOSA2019/ROOSA2019_m4_zika_host_vector_incidence_anonymized.txt,unknown_parameter,kappa_h,p9
ROOSA2019/ROOSA2019_m4_zika_host_vector_incidence.txt,ROOSA2019/ROOSA2019_m4_zika_host_vector_incidence_anonymized.txt,unknown_parameter,kappa_v,p10
ROOSA2019/ROOSA2019_m4_zika_host_vector_incidence.txt,ROOSA2019/ROOSA2019_m4_zika_host_vector_incidence_anonymized.txt,unknown_parameter,mu_v,p11
ROOSA2019/ROOSA2019_m4_zika_host_vector_incidence.txt,ROOSA2019/ROOSA2019_m4_zika_host_vector_incidence_anonymized.txt,unknown_parameter,rho,p12
ROOSA2019/ROOSA2019_m4_zika_host_vector_incidence.txt,ROOSA2019/ROOSA2019_m4_zika_host_vector_incidence_anonymized.txt,unknown_parameter,tau,p13
ROOSA2019/ROOSA2019_m4_zika_host_vector_incidence.txt,ROOSA2019/ROOSA2019_m4_zika_host_vector_incidence_anonymized.txt,unknown_parameter,theta,p14
ROOSA2019/ROOSA2019_m4_zika_host_vector_incidence.txt,ROOSA2019/ROOSA2019_m4_zika_host_vector_incidence_anonymized.txt,known_input_or_constant,Nh,c1
ROOSA2019/ROOSA2019_m4_zika_host_vector_incidence.txt,ROOSA2019/ROOSA2019_m4_zika_host_vector_incidence_anonymized.txt,known_input_or_constant,Nv,c2
SAUER2022/SAUER2022_seir_infectious_prevalence.txt,SAUER2022/SAUER2022_seir_infectious_prevalence_anonymized.txt,state,S,x1
SAUER2022/SAUER2022_seir_infectious_prevalence.txt,SAUER2022/SAUER2022_seir_infectious_prevalence_anonymized.txt,state,E,x2
SAUER2022/SAUER2022_seir_infectious_prevalence.txt,SAUER2022/SAUER2022_seir_infectious_prevalence_anonymized.txt,state,I,x3
SAUER2022/SAUER2022_seir_infectious_prevalence.txt,SAUER2022/SAUER2022_seir_infectious_prevalence_anonymized.txt,state,R,x4
SAUER2022/SAUER2022_seir_infectious_prevalence.txt,SAUER2022/SAUER2022_seir_infectious_prevalence_anonymized.txt,unknown_parameter,alpha,p1
SAUER2022/SAUER2022_seir_infectious_prevalence.txt,SAUER2022/SAUER2022_seir_infectious_prevalence_anonymized.txt,unknown_parameter,beta,p2
SAUER2022/SAUER2022_seir_infectious_prevalence.txt,SAUER2022/SAUER2022_seir_infectious_prevalence_anonymized.txt,unknown_parameter,gamma,p3
SAUER2022/SAUER2022_seir_infectious_prevalence.txt,SAUER2022/SAUER2022_seir_infectious_prevalence_anonymized.txt,known_input_or_constant,N,c1
SAUER2022/SAUER2022_seuir_reparam_reported_prevalence.txt,SAUER2022/SAUER2022_seuir_reparam_reported_prevalence_anonymized.txt,state,S,x1
SAUER2022/SAUER2022_seuir_reparam_reported_prevalence.txt,SAUER2022/SAUER2022_seuir_reparam_reported_prevalence_anonymized.txt,state,E,x2
SAUER2022/SAUER2022_seuir_reparam_reported_prevalence.txt,SAUER2022/SAUER2022_seuir_reparam_reported_prevalence_anonymized.txt,state,U,x3
SAUER2022/SAUER2022_seuir_reparam_reported_prevalence.txt,SAUER2022/SAUER2022_seuir_reparam_reported_prevalence_anonymized.txt,state,I,x4
SAUER2022/SAUER2022_seuir_reparam_reported_prevalence.txt,SAUER2022/SAUER2022_seuir_reparam_reported_prevalence_anonymized.txt,state,R,x5
SAUER2022/SAUER2022_seuir_reparam_reported_prevalence.txt,SAUER2022/SAUER2022_seuir_reparam_reported_prevalence_anonymized.txt,unknown_parameter,beta,p1
SAUER2022/SAUER2022_seuir_reparam_reported_prevalence.txt,SAUER2022/SAUER2022_seuir_reparam_reported_prevalence_anonymized.txt,unknown_parameter,d,p2
SAUER2022/SAUER2022_seuir_reparam_reported_prevalence.txt,SAUER2022/SAUER2022_seuir_reparam_reported_prevalence_anonymized.txt,unknown_parameter,w,p3
SAUER2022/SAUER2022_seuir_reparam_reported_prevalence.txt,SAUER2022/SAUER2022_seuir_reparam_reported_prevalence_anonymized.txt,unknown_parameter,z,p4
SAUER2022/SAUER2022_seuir_reparam_reported_prevalence.txt,SAUER2022/SAUER2022_seuir_reparam_reported_prevalence_anonymized.txt,known_input_or_constant,N,c1
WU2022/WU2022_model4_confirmed_prevalence_unknown_initial.txt,WU2022/WU2022_model4_confirmed_prevalence_unknown_initial_anonymized.txt,state,S,x1
WU2022/WU2022_model4_confirmed_prevalence_unknown_initial.txt,WU2022/WU2022_model4_confirmed_prevalence_unknown_initial_anonymized.txt,state,E,x2
WU2022/WU2022_model4_confirmed_prevalence_unknown_initial.txt,WU2022/WU2022_model4_confirmed_prevalence_unknown_initial_anonymized.txt,state,I,x3
WU2022/WU2022_model4_confirmed_prevalence_unknown_initial.txt,WU2022/WU2022_model4_confirmed_prevalence_unknown_initial_anonymized.txt,state,Q,x4
WU2022/WU2022_model4_confirmed_prevalence_unknown_initial.txt,WU2022/WU2022_model4_confirmed_prevalence_unknown_initial_anonymized.txt,state,R,x5
WU2022/WU2022_model4_confirmed_prevalence_unknown_initial.txt,WU2022/WU2022_model4_confirmed_prevalence_unknown_initial_anonymized.txt,unknown_parameter,beta,p1
WU2022/WU2022_model4_confirmed_prevalence_unknown_initial.txt,WU2022/WU2022_model4_confirmed_prevalence_unknown_initial_anonymized.txt,unknown_parameter,etaE,p2
WU2022/WU2022_model4_confirmed_prevalence_unknown_initial.txt,WU2022/WU2022_model4_confirmed_prevalence_unknown_initial_anonymized.txt,unknown_parameter,etaQ,p3
WU2022/WU2022_model4_confirmed_prevalence_unknown_initial.txt,WU2022/WU2022_model4_confirmed_prevalence_unknown_initial_anonymized.txt,unknown_parameter,qI,p4
WU2022/WU2022_model4_confirmed_prevalence_unknown_initial.txt,WU2022/WU2022_model4_confirmed_prevalence_unknown_initial_anonymized.txt,known_input_or_constant,alpha,c1
WU2022/WU2022_model4_confirmed_prevalence_unknown_initial.txt,WU2022/WU2022_model4_confirmed_prevalence_unknown_initial_anonymized.txt,known_input_or_constant,deltaI,c2
WU2022/WU2022_model4_confirmed_prevalence_unknown_initial.txt,WU2022/WU2022_model4_confirmed_prevalence_unknown_initial_anonymized.txt,known_input_or_constant,deltaQ,c3
WU2022/WU2022_model4_confirmed_prevalence_unknown_initial.txt,WU2022/WU2022_model4_confirmed_prevalence_unknown_initial_anonymized.txt,known_input_or_constant,gammaI,c4
WU2022/WU2022_model4_confirmed_prevalence_unknown_initial.txt,WU2022/WU2022_model4_confirmed_prevalence_unknown_initial_anonymized.txt,known_input_or_constant,gammaQ,c5
WU2022/WU2022_model4_confirmed_prevalence_unknown_initial.txt,WU2022/WU2022_model4_confirmed_prevalence_unknown_initial_anonymized.txt,known_input_or_constant,lambda_birth,c6
WU2022/WU2022_model4_confirmed_prevalence_unknown_initial.txt,WU2022/WU2022_model4_confirmed_prevalence_unknown_initial_anonymized.txt,known_input_or_constant,omega_nat,c7
